:020000040800F2
:10000000001200246D030008095200082949000865
:100010000152000871060008D972000800000000B3
:10002000000000000000000000000000695400080B
:100030007906000800000000115200087154000801
:100040008703000887030008870300088703000868
:100050008703000887030008870300088703000858
:100060008703000887030008870300088703000848
:100070008703000887030008870300088703000838
:100080008703000887030008870300088703000828
:100090008703000887030008870300088703000818
:1000A0008703000887030008870300088703000808
:1000B00087030008870300088703000887030008F8
:1000C00087030008870300088703000887030008E8
:1000D00087030008017200081172000821720008ED
:1000E000870300088703000800000000870300085A
:1000F00087030008870300088703000887030008B8
:1001000087030008870300088703000887030008A7
:100110008703000887030008870300088703000897
:100120008703000887030008870300088703000887
:100130008703000887030008870300088703000877
:1001400000000000000000000000000000000000AF
:100150008703000887030008870300088703000857
:100160008703000887030008870300088703000847
:1001700087030008870300088703000800000000C9
:100180008703000887030008870300088703000827
:100190008703000887030008870300088703000817
:1001A0008703000887030008870300080000000099
:1001B00087030008870300088703000887030008F7
:1001C000870300088703000800000000000000000B
:1001D000000000000000000087030008000000008D
:1001E000000000000000000000000000000000000F
:1001F00000000000000000008703000887030008DB
:100200008703000887030008000000008703000838
:100210008703000887030008870300088703000896
:1002200087030008000000008703000800000000AA
:100230008703000887030008000000008703000808
:100240008703000887030008870300088703000866
:100250008703000887030008870300088703000856
:100260008703000887030008870300088703000846
:1002700087030008870300088703000800000000C8
:100280008703000887030008870300088703000826
:10029000000000008703000887030008000000003A
:1002A0000000000087030008870300088703000898
:1002B00087030008870300088703000887030008F6
:1002C00087030008870300088703000800F002F88E
:1002D00000F03CF80AA090E8000C82448344AAF1A4
:1002E0000107DA4501D100F031F8AFF2090EBAE8A2
:1002F0000F0013F0010F18BFFB1A43F0010318475A
:100300007C9200009C920000103A24BF78C878C10B
:10031000FAD8520724BF30C830C144BF04680C600B
:10032000704700000023002400250026103A28BF53
:1003300078C1FBD8520728BF30C148BF0B60704757
:100340001FB508F0CDFF1FBD10B510BD00F05AF964
:100350001146FFF7F5FF07F0A3F800F078F903B4B2
:10036000FFF7F2FF03BC00F07BF90000094880476B
:1003700009480047FEE7FEE7FEE7FEE7FEE7FEE787
:10038000FEE7FEE7FEE7FEE704480549054A064B9F
:100390007047000049550008CD020008000C0024F9
:1003A00000120024000E0024000E002453EA020C68
:1003B00000F069802DE9F04B4FF00006002B1FBFC5
:1003C000B3FA83F503FA05F424FA05F65E4012BF8A
:1003D0001643B2FA82F502FA05F4C5F120051EBFF4
:1003E00022FA05FC44EA0C04203556EA044C4FEA94
:1003F000144418BF641C4FF000084FF000099042ED
:1004000071EB030C39D3002919BFB1FA81F701FA56
:1004100007F6B0FA80F700FA07F6C7F120071EBF0B
:1004200020FA07FC46EA0C062037B6FBF4FCA7EBE3
:100430000507103F07F01F0BCBF120062CFA06F63C
:100440000CFA0BFB44BFB3460026202FA4BF5E4628
:100450004FF0000B5BEA060C08BF4FF0010B19EBE5
:100460000B0948EB0608ABFB027C06FB02CC0BFB3E
:1004700003CCC01B71EB0C01C1E70B4602464146A1
:100480004846BDE8F08B13B5084318BF4FF0FF3066
:100490000146AFF30080BDE81C407047032A40F2DC
:1004A000308010F0030C00F0158011F8013BBCF116
:1004B000020F624498BF11F801CB00F8013B38BF2E
:1004C00011F8013BA2F1040298BF00F801CB38BF3C
:1004D00000F8013B11F0030300F05A80083AC0F025
:1004E000088051F8043B083A51F804CBA0E8081002
:1004F000F5E7121D5CBF51F8043B40F8043BAFF335
:100500000080D20724BF11F8013B11F801CB48BF8E
:1005100011F8012B24BF00F8013B00F801CB48BFC4
:1005200000F8012B70474FF0000200B513469446C7
:100530009646203922BFA0E80C50A0E80C50B1F13B
:100540002001BFF4F7AF090728BFA0E80C5048BF4F
:100550000CC05DF804EB890028BF40F8042B08BFED
:10056000704748BF20F8022B11F0804F18BF00F8E9
:10057000012B704770477047704710B500F03AF88C
:10058000006810BD10B5044600F034F8046010BDDA
:1005900010B5203AC0F00B80B1E81850A0E8185010
:1005A000B1E81850A0E81850203ABFF4F5AF5FEA60
:1005B000027C24BFB1E81850A0E8185044BF18C905
:1005C00018C0BDE810405FEA827C24BF51F8043BAC
:1005D00040F8043B08BF7047D20728BF31F8023B00
:1005E00048BF11F8012B28BF20F8023B48BF00F894
:1005F000012B7047004870471000002400487047E6
:10060000100000247546FFF7F9FFAE460500694665
:10061000534620F00700854618B020B5FFF7B4FE1A
:10062000BDE820404FF000064FF000074FF00008F3
:100630004FF0000BAC46ACE8C009ACE8C009ACE830
:10064000C009ACE8C00921F007018D46704710B51C
:100650000446AFF300802046BDE81040FFF77FBEA0
:1006600001491820ABBEFEE72600020070470000DB
:10067000FEE70000000000007047000000000000DE
:10068000EFF3108072B600BFFEE70000000000002C
:1006900010B54FF0100C4FF0100E102AB8BF964650
:1006A000102BB8BF9C46B1F5807FA8BF4FF4807176
:1006B0000EEB0C03C0F82CE1C0F830C19942D8BF52
:1006C0001946012AC0F828112CDBDDF808C00022E9
:1006D00084181CF8021002F1010E84F80011D0F801
:1006E0002C118E451CDA0CEB020102F1020E4B7844
:1006F00084F80131D0F82C319E45BFBF8B7884F847
:10070000023102F1030ED0F82C31B8BF9E4507DA52
:10071000C978043284F80311D0F82C118A42D7DB4F
:10072000D0F830C1BCF1010F29DBDDF80CC000228C
:1007300083181CF8021083F81011511CD0F83041B6
:10074000A1421CDA0CEB020102F1020E4C7883F894
:100750001141D0F83041A645BFBF8C7883F81241D3
:1007600002F1030ED0F83041B8BFA64507DAC978C8
:10077000043283F81311D0F830118A42D8DB0021FB
:10078000C0F82011C0F8241110BD000000000000C6
:100790002DE9F04FD0F82411D0F820810029D0F8AD
:1007A0002C2145D0D0F83091A9F101010A4490459F
:1007B000C0F2BB80B9F1010FC0F29780014410F87C
:1007C000082091F810118A4240F0AF80C9F1000C66
:1007D000A8F1040E0022022104468A466144012940
:1007E0006CD004EB0E0504EB0906EB7896F80E715D
:1007F000BB4267D1D14576D0AB7896F80D71BB423C
:1008000064D14B1C66D06B7896F80C51AB4265D125
:10081000023102F1040265D014F80E1096F80B3183
:10082000043C99420AF10401D7D00AF1020A5AE0C5
:1008300090457ADB012AC0F2B280111810F8083016
:1008400091F8FF108B4270D1A8F1040E4FF000090F
:1008500002214FF0010A4FF0030B042607465245D0
:100860008C464BD007EB0E03B918DC7891F8FE509C
:10087000AC4247D1624556D09C7891F8FD50AC42CD
:1008800044D15A4546D05B7891F8FC40A34245D10B
:10089000B24209F1040945D017F80E3091F8FB4037
:1008A0000CF104010AF1040A043FA3420BF1040B0A
:1008B00006F10406D3D00CF1020C34E0AAF1010ACF
:1008C00011E000BF42F0010A0DE000BF42F0020A51
:1008D00009E000BF0AF1010A05E000BF42F0030A87
:1008E00001E000BF9246D1451FDC0021C0F8201175
:1008F000C0F824110846BDE8F08F00BFACF1010C30
:1009000011E000BF49F0010C0DE000BF49F0020CFE
:1009100009E000BF0CF1010C05E000BF49F0030C39
:1009200001E000BFCC46624514DDD0F828118845AF
:1009300008DD0021C0F82011C0F824110420BDE812
:10094000F08F00BF08F10101C0F820110120BDE8BF
:10095000F08F00BF012A22DB002143184F1C93F8BF
:1009600000214254D0F82C21974218DA93F8012143
:100970008F1C5A70D0F82C219742BFBF93F80221E8
:100980009A70CF1CD0F82C21B8BF974207DA93F8A1
:1009900003210431DA70D0F82C219142DDDBC0F85C
:1009A00020210121C0F824110220BDE8F08F0000B1
:1009B0002DE9F041044600F0E7FC1CB3054694F82D
:1009C0003500022822D140F20F462768C4F2020601
:1009D00040F26F48B7426FF00E00C4F202081DDC0F
:1009E0006F21C4F202018F422ADC3F21C4F20201CE
:1009F0008F4241DC1021C4F202018F4263D02821D2
:100A00005CE000BF0120BDE8F08100BF8020606590
:100A10000120002184F83410BDE8F08147451BDC3B
:100A200040F23F41C4F202018F422DDC40F21041FE
:100A3000C4F202018F4246D040F228413EE000BF9E
:100A40009F21C4F202018F4228DC7021C4F202010E
:100A50008F4238D0882131E040F29F41C4F2020138
:100A60008F4223DC40F27041C4F202018F422AD04F
:100A700040F2884122E000BF4021C4F202018F42CF
:100A800021D058211AE000BF40F24041C4F20201D7
:100A90008F4218D040F2584110E000BFA021C4F2AC
:100AA00002018F420FD0B82108E000BF40F2B841E8
:100AB000C4F202018F4206D040F2A041C4F202010A
:100AC0008F42394607D13946386820F01E0041F878
:100AD000140B6FF080000A68474500EA02000860C6
:100AE0001ADC9F20C4F20200874233DC5720C4F294
:100AF000020087425ADC1020C4F20200874200F054
:100B000097802820C4F20200874200F091804020A4
:100B1000C4F202008AE000BF45F22F40C5F6020091
:100B200087422DDC40F2B740C4F2020087424BDC22
:100B300040F27040C4F20200874279D040F288400F
:100B4000C4F20200874273D040F2A040C4F2020017
:100B50006CE000BF40F22740C4F20200874243DC51
:100B6000A020C4F20200874262D0B820C4F2020082
:100B700087425DD040F21040C4F2020056E000BF50
:100B800045F26B40C5F6020087423FDC45F230403B
:100B9000C5F6020087424BD045F24440C5F602003C
:100BA000874245D045F258403EE000BF5820C4F28D
:100BB000020087423CD07020C4F20200874237D046
:100BC0008820C4F2020031E040F2B840C4F20200D2
:100BD00087422DD045F20840C5F60200874227D053
:100BE00045F21C4020E000BF40F22840C4F2020061
:100BF00087421DD040F24040C4F20200874217D025
:100C000040F25840C4F2020010E000BF45F26C40D0
:100C1000C5F6020087420BD045F29440C5F60200AB
:100C2000874205D045F28040C5F60200874204D1D4
:100C3000206E016821F480710160386820F00100A5
:100C4000386000BF3868C00710D000F09DFB401B23
:100C50000628F7D320206065032084F835000120A2
:100C6000002184F83410BDE8F08100BF2068B04254
:100C700010DC6F21C4F2020188421DDC3F21C4F266
:100C80000201884234DC1021C4F20201884255D0AE
:100C900028214FE040451BDC40F23F41C4F20201F5
:100CA00088422DDC40F21041C4F20201884245D056
:100CB00040F228413EE000BF9F21C4F20201884279
:100CC00028DC7021C4F20201884237D0882131E04B
:100CD00040F29F41C4F20201884223DC40F270419D
:100CE000C4F20201884229D040F2884122E000BFCC
:100CF0004021C4F20201884220D058211AE000BFEE
:100D000040F24041C4F20201884217D040F25841FB
:100D100010E000BFA021C4F2020188420ED0B82129
:100D200008E000BF40F2B841C4F20201884205D099
:100D300040F2A041C4F2020188425BD1D4E916120C
:100D400002F01F023F2303FA02F28A6040455BDC97
:100D50009F21C4F20201884214DC5721C4F202012F
:100D6000884227DC1021C4F20201884200F0A280F0
:100D70002821C4F20201884200F09C804021C4F284
:100D8000020195E040F22741C4F2020188421FDCD3
:100D9000A021C4F20201884200F08C80B821C4F284
:100DA0000201884200F0868040F21041C4F2020144
:100DB0007EE000BF5821C4F2020188427AD070213F
:100DC000C4F20201884275D08821C4F202016FE0AA
:100DD00040F22841C4F2020188426BD040F2404107
:100DE000C4F20201884265D040F25841C4F20201C7
:100DF0005EE000BFD4E9161202F01F02012303FADD
:100E000002F24A604045A3DD45F22F41C5F60201DA
:100E1000884217DC40F2B741C4F20201884227DC65
:100E200040F27041C4F20201884243D040F288414E
:100E3000C4F2020188423DD040F2A041C4F2020156
:100E400036E000BF45F26B41C5F6020188421FDC67
:100E500045F23041C5F6020188422BD045F24441AB
:100E6000C5F60201884225D045F258411EE000BF78
:100E700040F2B841C4F2020188421BD045F2084159
:100E8000C5F60201884215D045F21C410EE000BFB4
:100E900045F26C41C5F6020188420BD045F29441FF
:100EA000C5F60201884205D045F28041C5F602012F
:100EB00088420BD1616EA26EE06E4A6030B101686B
:100EC00021F480710160D4E91C014160012084F8A3
:100ED00035000020002184F83410BDE8F0810000C6
:100EE00080B5D8B190F83510022919D140F20F42DF
:100EF0000168C4F20202914216DC6F23C4F20203BD
:100F0000994227DC3F23C4F2020399423EDC1023BE
:100F1000C4F2020399425FD0282359E0012080BD2A
:100F200080214165012080BD40F26F43C4F202037D
:100F300099421BDC40F23F43C4F2020399422DDC8C
:100F400040F21043C4F20203994245D040F22843D4
:100F50003EE000BF9F23C4F20203994228DC7023C5
:100F6000C4F20203994237D0882331E040F29F4314
:100F7000C4F20203994223DC40F27043C4F202033C
:100F8000994229D040F2884322E000BF4023C4F2B6
:100F90000203994220D058231AE000BF40F2404398
:100FA000C4F20203994217D040F2584310E000BF48
:100FB000A023C4F2020399420ED0B82308E000BF78
:100FC00040F2B843C4F20203994205D040F2A04374
:100FD000C4F20203994275D191424FF0040280F8A5
:100FE000352011DC6F20C4F20200814222DC3F2058
:100FF000C4F20200814239DC1020C4F202008142B6
:1010000059D0282054E000BF40F26F40C4F20200E3
:1010100081421BDC40F23F40C4F2020081422DDCE1
:1010200040F21040C4F20200814244D040F2284015
:101030003EE000BF9F20C4F20200814228DC702005
:10104000C4F20200814236D0882031E040F29F4055
:10105000C4F20200814223DC40F27040C4F202007C
:10106000814228D040F2884022E000BF4020C4F2F4
:10107000020081421FD058201AE000BF40F24040D9
:10108000C4F20200814216D040F2584010E000BF86
:10109000A020C4F2020081420DD0B82008E000BFB9
:1010A00040F2B840C4F20200814204D040F2A040B5
:1010B000C4F202008142086820F0010008600020AC
:1010C00080BD00BF0A6822F00E020A6045F2574256
:1010D000C5F6020291420A6822F001020A600FDCA2
:1010E00045F22F42C5F60202914219DC45F2084250
:1010F000C5F60202914229D045F21C4222E000BF0F
:1011000045F27F42C5F60202914213DC45F2584295
:10111000C5F60202914219D045F26C4212E000BFBE
:1011200045F23042C5F6020291420FD045F24442E8
:1011300008E000BF45F29442C5F60202914205D094
:1011400045F28042C5F6020291421AD1D0E9181C3C
:10115000D0E916E30A6822F480720A6003F01F01E6
:10116000012202FA01F1CEF80410816ECCF80410CD
:10117000C16E31B10A6822F480720A60D0E91C1293
:101180004A60012180F83510026D002180F834108A
:101190000AB190470021084680BD00000000000011
:1011A000B0B5044600F0F0F840F200010546C2F286
:1011B0000041621C097818BF0C4400BF00F0E4F83D
:1011C000401BA042FAD3B0BD2DE9F04F82B00D68AC
:1011D000002D00F0CB8000F1264242F2004302F1E4
:1011E000FF72C5F602030A2698424FEAB22444F27F
:1011F000F44E08BF0926082C40F2040C38BF4FEA11
:10120000B226C5F6020EC5F6000C00960022002795
:10121000002609E001360D6835FA06F307F10407E8
:1012200002F1020200F0A280012303FA06F415EA9B
:101230000408EFD0D1F804A003230AF0030B934075
:10124000ABF101056FEA0309012D0FD88368CD6862
:1012500003EA090395402B438360CAF300154368F2
:10126000A34305FA06F42343436005E0BBF1030FF3
:1012700002D14FF0030B21E0C3688C6803EA090335
:101280009440BBF1020F43EA0403C36016D16FF030
:10129000030307F01C0503EA56030F24034404FA72
:1012A00005FBD3F820A00C692AEA0B0AAC4044EAFB
:1012B0000A041C62D1F804A00AF0030B03680BFABD
:1012C00002F403EA09031AF4403F43EA040303600B
:1012D000A0D0DEF8003040F2084A43F00203CEF816
:1012E0000030DEF80030C5F6000A03F00203019377
:1012F00026F00303019C07F00C040F2553F80A9015
:10130000A54029EA0509009D05FA04F444EA090408
:1013100043F80A404FF0B04ADAF800904C6849EAC6
:101320000805E30258BF29EA0805A302CAF80050DD
:10133000DCF8009049EA080558BF29EA0805A3032C
:10134000CCF80050DCF8809049EA080558BF29EA3B
:101350000805E403CCF88050DCF87C3043EA08054B
:1013600058BF23EA0805CCF87C5053E702B0BDE82B
:10137000F08F000000000000002A08BF090481610E
:10138000704700000000000040F63C30C2F2004010
:10139000006870470000000040F2000040F63C3159
:1013A000C2F20040C2F2004100780A6810440860AE
:1013B000704700000000000080B5032000F0ACF88A
:1013C00001F036F944F2184149F24453C5F60201DE
:1013D000C0F600030A68096801F00F01C2F3032296
:1013E000595C9A5C01F01F0102F01F02D04040F2EC
:1013F0000C02C2F2004220FA01F1116040F2080131
:10140000C2F2004108600F2000F00AF800281CBF5B
:10141000012080BD00F02CF8002080BD00000000FD
:1014200070B540F20006C2F200463178E1B10446E0
:1014300040F20800C2F200404FF47A72B2FBF1F1C0
:101440000068B0FBF1F001F00BFC0F2C4FF0010530
:1014500008D838B94FF0FF3000222146002500F0AF
:101460002BF87460284670BD012070BD000000009C
:1014700081B044F2F440C5F60200016841F0020177
:101480000160006800F002000090009801B0704711
:10149000002848BF704781B200F01F0001224909AF
:1014A00002FA00F04EF20012CEF2000242F82100E1
:1014B000704700000000000070B54EF60C5C4FF065
:1014C000FF36CEF2000C00F1604505F56445DCF80E
:1014D0000030C3F3022E8EF00703042B28BF042331
:1014E000BEF1030406FA03F321EA030100F00F033F
:1014F00038BF0024043B0028634406FA04F048BFC8
:1015000003F10C05A14022EA000008430001287005
:1015100070BD0000000000004EF60C514FF6FF03B6
:10152000CEF200010A681A4060F30A2242F080609D
:1015300040F0FD7008607047B0B544F60C05C5F684
:10154000020529684907296806D401F00701081A2D
:1015500018BF0120B0BD00BF21F00701084328607B
:10156000FFF712FF044600BF55F8080C800407D4AB
:10157000FFF70AFF001BB0F57A7FF5D90120B0BD57
:101580000020B0BD0000000080B500F0C9FF44F2AB
:10159000204149F24452C5F60201C0F60002096832
:1015A000C1F30211515C01F01F01C84080BD000071
:1015B00080B544F2384EC5F6020E5EF8103C5EF877
:1015C000101C5EF80C2CC1F3053CDEF80410BCF1D5
:1015D000000F15D0C908D20601EAE2716FF35F313E
:1015E00000EE101A03F003010229B8EE400A0DD0F4
:1015F00081B95EF8381C890610D49FED361A1BE0BD
:1016000000218160C0E9001180BD00BF9FED301A4C
:1016100012E000BF9FED2D1A0EE000BF5EF8381CEF
:1016200049F20002C0F2D032C1F3C10122FA01F145
:1016300001EE101AB8EE411ADEF800109FED263ABE
:101640006FF35F2102EE101ADEF80010C1F346219D
:10165000B8EE422A00EE032A00EE10CAB7EE003AB6
:10166000B8EE400A81EE000A32EE031A02EE101ABA
:10167000B8EE422A20EE010A32EE031A80EE011A79
:10168000BCEEC11A80ED001ADEF80010C1F306416D
:1016900001EE101AB8EE411A31EE031A80EE011A6B
:1016A000BCEEC11A80ED011ADEF80010C1F306612C
:1016B00001EE101AB8EE411A31EE031A80EE010A5B
:1016C000BCEEC00A10EE101A816080BD0024744A7E
:1016D00020BCBE4B0024744C000000390000000008
:1016E00080B544F2404EC5F6020E5EF8183C5EF836
:1016F000181C5EF8142CC1F3055CDEF80410BCF174
:10170000000F15D0C908D20501EAE2716FF35F310D
:1017100000EE101A03F003010229B8EE400A0DD0C2
:1017200081B95EF8401C890610D49FED361A1BE083
:1017300000218160C0E9001180BD00BF9FED301A1B
:1017400012E000BF9FED2D1A0EE000BF5EF8401CB6
:1017500049F20002C0F2D032C1F3C10122FA01F114
:1017600001EE101AB8EE411ADEF800109FED263A8D
:101770006FF35F2102EE101ADEF80010C1F346216C
:10178000B8EE422A00EE032A00EE10CAB7EE003A85
:10179000B8EE400A81EE000A32EE031A02EE101A89
:1017A000B8EE422A20EE010A32EE031A80EE011A48
:1017B000BCEEC11A80ED001ADEF80010C1F306413C
:1017C00001EE101AB8EE411A31EE031A80EE011A3A
:1017D000BCEEC11A80ED011ADEF80010C1F30661FB
:1017E00001EE101AB8EE411A31EE031A80EE010A2A
:1017F000BCEEC00A10EE101A816080BD0024744A4D
:1018000020BCBE4B0024744C0000003900000000D6
:101810002DE9F0470446C07844F22C480007C5F68D
:10182000020833D5606E4FEA305103290CD8DFE847
:1018300001F003111D2600BFD8F8001041F400315B
:10184000C8F800101BE000BF01266078C0070BD06D
:1018500020E000BF04F10800022103F0DDFC064691
:1018600060B16078C00715D1354646E004F1280024
:10187000022103F065FD06460028F2D1606ED8F81B
:10188000241021F440110843C8F824000026607891
:10189000C007E9D0A06D04280ED83546DFE800F077
:1018A0000412181E1E0000BFD8F80000354640F490
:1018B0000030C8F8000011E00125012760784007DA
:1018C0001FD453E004F10800002103F0A5FC04E05C
:1018D00004F12800002103F033FD05462F461DB119
:1018E000607840070DD441E0D8F82400A16D20F0C5
:1018F000070000250843C8F82400374660784007F1
:1019000034D5D4F8A4004FEA705005280CD8DFE88D
:1019100000F00311171D1D1DD8F8000040F4003021
:10192000C8F8000012E000BF01250126607800071A
:1019300020D455E004F10800002103F06DFC04E020
:1019400004F12800002103F0FBFC05462E461DB1E2
:10195000607800070ED443E0D8F82C00D4F8A41027
:1019600020F4600000250843C8F82C003E4660784B
:10197000000735D5D4F8A8004FEA306005280DD807
:10198000DFE800F00412181E1E1E00BFD8F8000089
:1019900040F40030C8F8000012E000BF0125012724
:1019A000E078800720D44EE004F10800002103F025
:1019B00033FC04E004F12800002103F0C1FC0546DB
:1019C0002F461DB1E07880070ED43CE0D8F82C00FB
:1019D000D4F8A81020F0E06000250843C8F82C00D7
:1019E0003746E07880072ED5E06C4FEA30100328A8
:1019F0000ED8DFE800F00903130900BFD8F8000093
:101A000040F40030C8F800002E467DB912E000BF57
:101A1000012501266078C00619D44CE004F10800C5
:101A2000022103F0F9FB05462E461DB16078C00681
:101A30000DD440E0D8F82000E16C20F03000002503
:101A40000843C8F820003E466078C00633D5E06DF4
:101A50004FEA303004280DD8DFE800F00412181ED9
:101A60001E0000BFD8F8000040F40030C8F80000A5
:101A700012E000BF01250127607880061FD44EE0E8
:101A800004F10800002103F0C7FB04E004F1280082
:101A9000002103F055FC05462F461DB160788006F5
:101AA0000DD43CE0D8F82400E16D20F4E04000259E
:101AB0000843C8F824003746607880062FD5206E8A
:101AC0004FEA3040052809D8DFE800F0040E14047E
:101AD000040400BF2E46ADB918E000BF0125012661
:101AE000607840061FD44FE004F10800012103F0A4
:101AF00093FB04E004F12800012103F021FC0546DA
:101B00002E461DB1607840060DD43DE0D8F8240083
:101B1000216E20F4E02000250843C8F824003E464A
:101B20006078400630D5D4F8AC004FEA3070052814
:101B300008D8DFE800F0030D130303032F46ADB907
:101B400018E000BF012501276078000620D442E09C
:101B500004F10800012103F05FFB04E004F1280018
:101B6000012103F0EDFB05462F461DB1607800060C
:101B70000ED430E0D8F82C00D4F8AC1020F0E040BF
:101B800000250843C8F82C0037466078000622D5A7
:101B9000E06E58B1B0F1005F0CD0B0F1805F2FD192
:101BA000D8F8000040F40030C8F800002E469DB977
:101BB00008E000BF04F10800012103F02DFB0546F9
:101BC0002E464DB9D8F82400E16E20F04050002593
:101BD0000843C8F824003E46E078C00733D0A06C24
:101BE000032813D8DFE800F008021A08D8F800002C
:101BF00040F40030C8F80000A946BDB91AE000BFA3
:101C000001250126E078C007E9D11CE001254FF04D
:101C10000109A07840061AD51CE000BF04F10800B5
:101C2000022103F0F9FA0546A9461DB1A078400645
:101C30000DD50FE0D8F82000A16C20F0030000259E
:101C40000843C8F82000B146A078400602D44F46A9
:101C500018E000BFD8F8D40340F48070C8F8D4036B
:101C6000FFF792FB064600BFD8F8D403C00507D49F
:101C7000FFF78AFB801B6428F6D90325032701E0C0
:101C80002F468DB12078C00761D0A06F4FEAF000D9
:101C900005283BD8DFE800F004404604040400BFF8
:101CA000002D2E4646D149E0D8F84410D4F8B000B3
:101CB000414011F4407F11D0D8F84410D8F84420A6
:101CC00042F48032C8F84420D8F8442021F440710E
:101CD00022F48032C8F84420C8F84410B0F5807F60
:101CE00040F0CE82FFF750FB064641F2883A0325CA
:101CF000032700BFD8F84400800700F1BF82FFF738
:101D000043FB801B5045F5D9BCE700BF01250126E8
:101D1000207880071FD44CE004F10800012103F073
:101D20007BFA04E004F12800012103F009FB0546D9
:101D30002E461DB1207880070DD43AE0D8F828004F
:101D4000A16F20F0380000250843C8F828003E465F
:101D5000207880072DD5606F052809D8DFE800F0CE
:101D6000040E1404040400BF2F46ADB918E000BFF0
:101D700001250127207840071FD44DE004F1080019
:101D8000012103F049FA04E004F12800012103F0E5
:101D9000D7FA05462F461DB1207840070DD43BE009
:101DA000D8F82800616F20F0070000250843C8F824
:101DB00028003746207840072ED5D4F89000052813
:101DC00008D8DFE800F0030D130303032E46ADB976
:101DD00018E000BF012601252078800620D451E0BC
:101DE00004F10800012103F017FA04E004F12800CF
:101DF000012103F0A5FA05462E461DB12078800684
:101E00000ED43FE0D8F82C00D4F8901020F0070052
:101E100000250843C8F82C003E462078800631D5BE
:101E2000D4F88C004FEA3070052809D8DFE800F0BC
:101E3000040E1404040400BF2F46ADB918E000BF1F
:101E4000012701252078400620D451E004F1080044
:101E5000002103F0E1F904E004F12800022103F07D
:101E60006FFA05462F461DB1207840060ED43FE09C
:101E7000D8F82800D4F88C1020F0E0400025084362
:101E8000C8F8280037462078400631D5D4F89800A5
:101E90004FEAB020052809D8DFE800F0040E14044A
:101EA000040400BF2E46ADB918E000BF012601258D
:101EB0002078000620D454E004F10800002103F04B
:101EC000ABF904E004F12800022103F039FA0546D9
:101ED0002E461DB1207800060ED442E0D8F82C0022
:101EE000D4F8981020F4E05000250843C8F82C00DE
:101EF0003E462078000634D5D4F89C004FEA703076
:101F000005280FD8DFE800F004141A04040400BF09
:101F10002F46E5B12068010727D4C1063ED400034F
:101F200055D475E00127012520680107F5D51CE08F
:101F300004F10800002103F06FF904E004F1280027
:101F4000022103F0FDF90546002D2F46E2D1D8F815
:101F50002C00D4F89C1020F4604000250843C8F8F9
:101F60002C00374620680107D7D5D4F88000B0F59B
:101F7000805F09D104F12800022103F0E1F9002873
:101F800018BF0127D4F88000D8F8281021F4405158
:101F90000843C8F828002068C106C0D5D4F89400CA
:101FA000B0F5807F09D104F12800022103F0C8F9BF
:101FB000002818BF0127D4F89400D8F82C1021F479
:101FC00040710843C8F82C002068000320D5D4F8DD
:101FD000A000B0F5003F0FD0B0F5803F06D078BB31
:101FE00004F10800002103F017F904E004F12800CF
:101FF000022103F0A5F905462E4655B9D8F82C0064
:10200000D4F8A01020F4403000250843C8F82C0074
:102010003E46A07840072BD5D4F88400B0F5401F89
:102020000BD0B0F5001F11D0B0F5801F2AD1D8F821
:10203000000040F40030C8F800002F46CDB90DE094
:1020400001260125A0784007E6D411E004F128001C
:10205000012103F075F905462F4655B9D8F8280037
:10206000D4F8841020F4401000250843C8F8280054
:102070003746A078C0070AD13E462168880016D5A9
:1020800033E000BF01270125A078C007F4D0206D00
:10209000B0F5803F10D018BBD8F8000040F40030F5
:1020A000C8F800002E4685B1216888001DD46068FC
:1020B0008A0326D465E000BF04F10800022103F082
:1020C000ABF80546002D2E46EED1D8F82000216D44
:1020D00020F4803000250843C8F82000CCE700BF7A
:1020E0000126012521688800E1D504F1280002219C
:1020F00003F026F9002818BF0126D4E900108A034E
:102100003FD5E26F6FF0010303EB3223022B0BD3B9
:102110004FEA322343B1012B40F0AA80D8F80030B7
:1021200043F40033C8F8003025B3CA022CD48A0225
:1021300034D44A003CD4CA0F49D1090251D4C10752
:102140005AD1810763D441076CD4010776D4C10604
:1021500000F18080800607D504F12800022103F0F9
:10216000EFF8002818BF0125002D18BF01252846CB
:10217000BDE8F087D8F8283023F440731A43C8F834
:1021800028203546CA02D2D5D8F82420236F22F061
:1021900000421A43C8F824208A02CAD5D8F824205D
:1021A000A36E22F080721A43C8F824204A00C2D5D8
:1021B00058F81C2C22F4004248F81C2CD4F8B42007
:1021C00058F81C3C1A4348F81C2CCA0FB5D0D8F854
:1021D0002020636D22F040521A43C8F820200902E3
:1021E000ADD5D8F82810D4F8882021F44001114347
:1021F000C8F82810C107A4D004F10800002103F09A
:102200000BF8002818BF0546606881079BD504F1CC
:102210000800012103F000F8002818BF0546606897
:10222000410792D504F10800022102F0F5FF0028D1
:1022300018BF0546606801077FF589AF04F12800E3
:10224000002103F07DF8002818BF05466068C1062C
:102250007FF580AF04F12800012103F071F8002818
:1022600018BF0546606880067FF57EAF74E700BF43
:102270000125CA027FF55BAF86E700BFD4F8B00046
:102280004FF6CF7358F81C2CC0F2FF0300F44071D6
:1022900022F47C5203EA10136FF31F30B1F5407F34
:1022A00008BF1A43002548F81C2CD8F844100843EE
:1022B000C8F84400FFF7CBBC2DE9F04381B00028FB
:1022C00000F02A8142F200080446C5F2002889463F
:1022D000D8F8000000F00F0088420ED2D8F80000B5
:1022E00020F00F0040EA0900C8F80000D8F800000C
:1022F00000F00F00484540F00F81206844F2184775
:102300004107C5F602070AD521693A6802F0700252
:10231000914204D93A6822F07002114339600107F2
:102320000AD561697A6802F07002914204D97A682C
:1023300022F0700211437960C1060AD5A1697A685A
:1023400002F4E062914204D97A6822F4E062114317
:10235000796081060AD5E169BA6802F0700291429B
:1023600004D9BA6822F070021143B96010F002017A
:102370000AD0E2683B6803F00F039A4204D93B6835
:1023800023F00F031A433A60C20746D0386820F49E
:102390007061D4E90102012841EA0201396009D0E3
:1023A00003280DD0022811D157F8181C890340F1D9
:1023B000B38010E057F8181CC90540F1AD800AE061
:1023C00057F8181C890140F1A78004E057F8181C41
:1023D000490740F1A18057F8081C21F00701084384
:1023E00047F8080CFEF7D0FF064641F2883500BFDB
:1023F00057F8080C616800F03800B0EBC10F09D045
:10240000FEF7C2FF801BA842F2D9032001B0BDE84D
:10241000F08300BF206800F0020151B1E1683A6822
:1024200002F00F02914204D23A6822F00F021143E7
:102430003960D8F8001001F00F0149450DD9D8F8DE
:10244000001021F00F0141EA0901C8F80010D8F886
:10245000001001F00F0149455ED141070AD52169FD
:102460003A6802F07002914204D23A6822F0700297
:102470001143396001070AD561697A6802F0700278
:10248000914204D27A6822F0700211437960C10649
:102490000AD5A1697A6802F4E062914204D27A68AE
:1024A00022F4E0621143796080060AD5E069B968D8
:1024B00001F07001884204D2B96821F0700108432C
:1024C000B86000F0B5F8396849F244533A68C0F68C
:1024D0000003C1F3032102F00F02595C9A5C01F082
:1024E0001F0120FA01F102F01F0040F20C0221FA54
:1024F00000F0C2F20042106040F2040040F2080214
:10250000C2F20040C2F200420068116001B0BDE8B2
:10251000F043FEF785BF00BF012001B0BDE8F083A6
:1025200080B500F085F844F2184149F24453C5F6ED
:102530000201C0F600030A68096801F00F01C2F346
:102540000322595C9A5C02F01F0220FA02F201F0A9
:102550001F0040F20C0122FA00F0C2F200410860B4
:1025600040F20801C2F200410A6080BD0000000094
:1025700080B500F05DF844F2184C49F24451C5F6BC
:10258000020CC0F60001DCF80020DCF8003003F09B
:102590000F03C2F30322CB5C8A5C02F01F02D0401F
:1025A00003F01F0240F20C0320FA02F2C2F20043D1
:1025B0001A6040F20803C2F200431860DCF804001D
:1025C000C0F30210085C00F01F0022FA00F080BD8A
:1025D00080B500F02DF844F2184C49F24451C5F68C
:1025E000020CC0F60001DCF80020DCF8003003F03B
:1025F0000F03C2F30322CB5C8A5C02F01F02D040BF
:1026000003F01F0240F20C0320FA02F2C2F2004370
:102610001A6040F20803C2F200431860DCF80400BC
:10262000C0F30220085C00F01F0022FA00F080BD19
:1026300044F20041C5F602010869C0F3C200032854
:1026400010D002282ED098BB0868800649F20000FE
:10265000C0F2D03058BF70470968C1F3C101C8400B
:10266000704700BF8A6A886AC0F3051CC86ABCF15B
:10267000000F4B6B22D000F0010002F00302404239
:10268000022A00EAD3006FF35F3000EE100AB8EEC2
:10269000400A15D0C2B90868800619D49FED281ADF
:1026A00023E000BF47F64000C0F27D10704700BF36
:1026B00040F60010C0F23D00704700BF0020704798
:1026C0009FED1E1A11E000BF9FED1B1A0DE000BF29
:1026D000086849F20002C0F2D032C0F3C10022FA09
:1026E00000F001EE100AB8EE411A086B9FED153AA2
:1026F0006FF35F2002EE100A086BC0F34620B8EEBD
:10270000422A013000EE032A00EE10CAB7EE003A6A
:10271000B8EE400A81EE000A32EE031A20EE010AFA
:1027200001EE100AB8EE411A80EE010ABCEEC00AB2
:1027300010EE100A704700BF0024744A20BCBE4B44
:102740000024744C00000039F0B581B0002800F07E
:10275000D5800446007844F20046C007C5F602065C
:1027600022D12078800768D5306910F03801B06A2E
:1027700042D0182908BF5FEA80703DD0E068316818
:10278000002800F0258121F0190108433060FEF790
:10279000FBFD05463068400748D4FEF7F5FD401BB9
:1027A0000228F7D977E100BF306900F03801B06A3C
:1027B000102905D018290BD100F00300022807D1F9
:1027C00030688003CDD560680028CAD196E000BF8C
:1027D0006068002800F03281B0F5A02F00F046813B
:1027E000B0F5803F00F04681306820F480303060E2
:1027F000306820F4802040E130684007E06801D56F
:1028000000287BD0316821F0190108433060FEF7C1
:10281000BBFD05463068400708D4FEF7B5FD401BF8
:1028200002284FF00300F5D901B0F0BD70682169AE
:1028300020F0FE4040EA016070602078C00619D5A3
:10284000306900F03801B06A082906D0182940F034
:10285000818000F0030001287CD13068C00502D5DA
:10286000E06980284AD1F068216A20F07C5040EA73
:102870000160F0602078000744D42078800655D4A9
:102880002078400700F17E80656A9DB3306900F0D2
:102890003800182840F01481012DB16A306B2DD01A
:1028A00001F00302A36A9A4228D1C1F30511E26A3A
:1028B000914223D10146226B6FF35F21013A91428D
:1028C0001CD1C0F34622616B01398A4216D1C0F394
:1028D0000642A16B01398A4210D1C0F30660E16B58
:1028E000013988420AD1706BA16CC0F3CC008142DF
:1028F00040F09C81002001B0F0BD00BF012001B07C
:10290000F0BD00BF60690028706F4FD040F001003B
:102910007067FEF739FD0546706F8007ADD4FEF78E
:1029200033FD401B0228F7D9B5E000BFA06900289D
:10293000306871D040F480503060FEF725FD0546C8
:10294000306880049CD4FEF71FFD401B0228F7D995
:10295000A1E000BFE0690028306800F09F8040F0EF
:1029600080003060FEF710FD054600BF3068C005EE
:102970003FF579AFFEF708FD401B02284FF003003A
:10298000F4D951E7D6F8000440F48070C6F800048A
:10299000FEF7FAFC054600BFD6F80004C00529D4AE
:1029A000FEF7F2FC401B6428F6D974E020F0010029
:1029B0007067FEF7E9FC0546706F80077FF55DAF35
:1029C000FEF7E2FC401B02284FF00300F4D92BE78E
:1029D00021F001003060FEF7D7FC05463068400763
:1029E0007FF52BAFFEF7D0FC401B02284FF0030011
:1029F000F4D919E7A068002800F08480052800F0C9
:102A00009B80012800F09C80306F20F0010030672F
:102A1000306F20F0040096E020F480503060FEF724
:102A2000B3FC0546306880047FF52AAFFEF7ACFCA6
:102A3000401B02284FF00300F4D9F5E6306820F47B
:102A400080303060306820F480203060FEF79CFCDD
:102A5000054600BF306880037FF583AEFEF794FC27
:102A6000401B64284FF00300F4D9DDE6306840F4E1
:102A700080203060306840F480303060FEF784FCA5
:102A8000054600BF306880033FF56BAEFEF77CFC67
:102A9000401B6428F6D9032001B0F0BD20F080006F
:102AA0003060FEF771FC05463068C0057FF5E2AE88
:102AB000FEF76AFC401B02284FF00300F4D9B3E68E
:102AC000306820F080703060FEF75EFC022D054615
:102AD0000CD100BF3068800148D5FEF755FC401B83
:102AE00002284FF00300F5D99EE600BF3068800150
:102AF0007FF500AFFEF748FC401B02284FF00300B3
:102B0000F4D991E6306F20F001003067306F20F08B
:102B100004003067FEF738FC054641F28837306F15
:102B200080077FF5B1AEFEF72FFC401BB8424FF097
:102B30000300F4D978E600BF306F40F0040030673E
:102B4000306F40F001003067FEF71EFC054641F291
:102B5000883700BF306F80073FF596AEFEF714FC54
:102B6000401BB8424FF00300F4D95DE604F128079A
:102B7000B06A40F2F33188438ECF0843591E40EAD1
:102B800002104FF47E426FF35F21B06202EB4720E8
:102B90004FF4FE0280B2E36B0844A16B02EB0141EB
:102BA0004FF0FE4201F4FE0102EB0362084402F022
:102BB000FE4108443063F06A4FF6F87120F00100DE
:102BC000F062706BA26C884340EAC2007063F06AE6
:102BD000216C20F00C000843F062F06A616C20F078
:102BE00002000843F062F06A40F48030F062F06A5C
:102BF00040F40030F062F06A40F48020F062F06A45
:102C000040F00100F062306840F080703060FEF704
:102C1000BBFB0446306880013FF56CAEFEF7B4FBA9
:102C2000001B02284FF00300F4D9FDE5F06A20F004
:102C30000100F062FEF7A8FB0546FEF7A5FBA842DF
:102C4000FBD0706B4FF6F871A26C884340EAC2006B
:102C50007063F06A40F00100F062002001B0F0BD46
:102C6000411E0020B0EB116F02D00120704700BF61
:102C70004EF21002F023CEF2000251604EF62351C4
:102C8000CEF200010B7007219060116070470000C8
:102C9000B0B590F83C20012A02D10220B0BD00BF9F
:102CA000D1E9022323F47C5322F4705242EA030553
:102CB00048F2FF73D1E900CECEF6F0730EEA0302BC
:102CC00003F5006445EA020E0CEA04050C6903F5FD
:102CD000C05245EA0E0522402A434D692A4303F5B6
:102CE00060550C6B03F5F0432A4023401343026800
:102CF00040F2004C42F48065C4F2010C8C696545D9
:102D000040F2000CCEF6FF7CCD690CEA044443EAA5
:102D1000050343EA040318D14FF6FF7540F2000C97
:102D2000CDF60F458C6ACDF6F04C03EA050E0D6A20
:102D30000CEA04544B6A44EA0E0425F0085523F0CB
:102D400000532543C96A2B430B430021536480F889
:102D50003C100846B0BD0000B0B590F83C20012AF8
:102D60004FF0020263D080F83D2040F2004C026830
:102D7000C4F2010C42F4806363455368D2F808E062
:102D800002BF23F470034C6823434DF6FF740D68B3
:102D9000C4F2000423F07003A24243EA0503536027
:102DA00014DC40F2FF73C4F200039A4222DD40F6C5
:102DB0000003C4F200039A422ED040F60043C4F24E
:102DC00000039A4228D041F6000321E04FF6FF733A
:102DD000C4F200039A4213DD0023C4F201039A42B5
:102DE0001AD044F20003C4F201039A4214D062459F
:102DF00012D016E0B2F1804F0ED040F2004307E04F
:102E00004EF20003C4F200039A4205D04EF2004392
:102E1000C4F200039A4204D12EF08003896819435A
:102E200091600022012180F83D1080F83C2010467E
:102E3000B0BD00000000000060B310B5044690F87B
:102E40003D0028B9002084F83C00204600F024F81A
:102E5000022084F83D002068211D02F0CDFB0120F6
:102E600084F8480084F83E0084F83F0084F840006D
:102E700084F8410084F8420084F8430084F8440058
:102E800084F8450084F8460084F8470084F83D0043
:102E9000002010BD0120704783B044F2000100689B
:102EA000C4F2010188421BD040F60041C4F2000187
:102EB000884225D040F60001C4F2000188421CD1AE
:102EC00044F2E840C5F60200016841F004010160E7
:102ED000006800F004000290029803B0704700BF41
:102EE00044F2E840C5F60200816841F48031816017
:102EF000806800F480300090009803B0704700BFF5
:102F000044F2E840C5F60200016841F008010160A2
:102F1000006800F008000190019803B070470000BD
:102F200080B590F83C20012A4FF0020200F0A78003
:102F300080F83D208822D0F800C0CFF6CE72DCF8B1
:102F400008301A40CCF808200B686F2B0EDDB3F167
:102F5000101F37DAB3F5005F46DA702B00F092806D
:102F6000B3F5805F00F08480D6E000BF2F2B33DD07
:102F70004F2B3FDC302B6FD0402B40F0CD80D1F871
:102F800004E0C968DCF82030DCF8202022F00102DF
:102F9000CCF82020DCF8182022F0F00242EA0111DF
:102FA00023F00A02CCF8181042EA0E01CCF82010E7
:102FB0004FF68872DCF80810CFF6CF721140473117
:102FC00054E000BF2F21C0F210018B423ADCB3F174
:102FD000101F41D020213BE0002B18BF102B3BD00D
:102FE000202B39D098E000BF60D0B3F5801F33D0DC
:102FF00092E000BF502B6DD0602B40F08D80D1F857
:1030000004E0C968DCF82030DCF8202022F010024F
:10301000CCF82020DCF8182022F4704242EA01317A
:1030200023F0A002CCF8181042EA0E11CCF82010C0
:103030004FF68872DCF80810CFF6CF721140673176
:1030400014E000BF3021C0F210018B4204D04021B7
:10305000C0F210018B425FD14FF68872DCF8081085
:10306000CFF6CF721140194341F00701CCF8081098
:103070000022012180F83D10002180F83C1010460C
:1030800080BD00BFD1E901E3C968DCF8082043EA4C
:103090000E0322F47F4243EA01211143CCF80810C9
:1030A000DCF8081041F07701E0E700BFD1E901E367
:1030B000C968DCF8082043EA0E0322F47F4243EAA1
:1030C00001211143CCF80810DCF8081041F48041CC
:1030D000CCE700BFD1F804E0C968DCF82030DCF8A8
:1030E000202022F00102CCF82020DCF8182022F069
:1030F000F00242EA011123F00A02CCF8181042EA69
:103100000E01CCF820104FF68872DCF80810CFF6CC
:10311000CF7211405731A9E70122AAE70000000051
:10312000002857D02DE9F04381B0044690F83D00C7
:103130000D4628B9002084F83C00204600F04CF8E9
:10314000022084F83D0020684BF6F872CFF6FE723C
:10315000816811408160211D02F04EFA20684FF60F
:10316000FF79D0F808808269D0F820C0AF69D5E92E
:10317000026122EA090246EA07264FF6FC47BE43EF
:10318000EF6911432A6931432E6A41EA07216F69C9
:10319000D5E9003E41EA02112CF0AA0242EA0E02F1
:1031A00043EA080341EA06318360816142EA07117C
:1031B0000162012084F8480084F83E0084F83F0052
:1031C00084F8440084F8450084F83D00002001B0F4
:1031D000BDE8F0830120704780B586B04FF6FF72DE
:1031E0000068C4F20002002190420591CDE903116C
:1031F000CDE9011122DCB0F1804F43D040F2004113
:10320000C4F20001884240F0828044F2E040C5F6FA
:103210000200816841F002018160816801F00201D1
:1032200000910099016841F00101016000680221EC
:1032300000F0010000900098C0203BE040F2004107
:10324000C4F2010188423BD00021C4F2010188424E
:103250005DD144F2E040C5F60200016941F0010190
:103260000161016901F0010100910099016841F0DB
:1032700001010160006800F00100009000984FF427
:10328000407016E044F2E040C5F60200816841F06B
:1032900001018160816801F00101009100990168DC
:1032A00041F001010160006800F001000090009809
:1032B0000320012101900020C5F602001EE000BF9E
:1032C00044F2E040C5F60200016941F002010161EB
:1032D000016901F0020100910099016841F00401C7
:1032E00001600068032100F0040000900098C020F5
:1032F00001900020C5F6020000F50060059101A9CB
:10330000022202920022CDE90322FDF75DFF06B002
:1033100080BD00000000000080B590F83E20042928
:1033200090F83F3090F844E090F845C00AD0B9B921
:10333000012A4FF0010208BFBEF1010F34D0104640
:1033400080BD00BF0122012B08BFBCF1010FF6D1E7
:10335000022180F83F1080F84510006820E000BF8F
:10336000012A4FF0010208BF012BE8D1BEF1010F85
:1033700008BFBCF1010FE2D14FF0020280F83E20FD
:1033800080F83F2080F8442080F8452089B100680B
:10339000016A21F001010162016A41F0010101624B
:1033A00010216FF0100208E0022180F83E1080F832
:1033B0004410006801216FF00102036A1A400262A2
:1033C000026A114301620168002241F001010160BB
:1033D000104680BD000000002DE9F04190F83C301F
:1033E000012B03D10220BDE8F08100BF4FEAB202F9
:1033F000052A31D8DFE812F0060038007600B40064
:10340000DA000001036843F6FF76C4F201061C6A85
:10341000B3421A6A24F0020422F001021A621A4628
:10342000D3F804E052F818CF8D6844EA0504D1F8C7
:10343000008040F3078144F20007C4F20107BB4259
:1034400000F00B8144F60007C4F20107BB4200F014
:10345000048144F20047FCE00121002280F83C2076
:103460000846BDE8F08100BF036840F2004E43F417
:103470008067C4F2010E1C6A77451A6A24F02004A2
:1034800022F010021A621A465D6852F818CF8E6850
:1034900044EA061407D1CE686FF0400724F0C00458
:1034A00007EA0616344343F6FF76D1F80080C4F2EB
:1034B0000106B34240F3EC8044F20007C4F2010776
:1034C000BB4200F0EC8044F60007C4F20107BB42A7
:1034D00000F0E58044F20047C4F20107BB4200F06F
:1034E000DE80E3E0036840F2004E43F48067C4F2FC
:1034F000010E1C6A77451A6A24F4007422F4807263
:103500001A621A465D6852F81CCF8E6844EA062497
:1035100007D1CE6840F2FF47360224F44064BE4330
:10352000344343F6FF76D1F80080C4F20106B3427B
:1035300040F3D48044F20007C4F20107BB4200F01C
:10354000D48044F60007C4F20107BB4200F0CD80EE
:1035500044F20047C4F20107BB4200F0C680CBE052
:10356000036843F6FF77C4F20107D3F820C0BB42DB
:103570001A6A22F480521A621A465C6852F81C6F6A
:103580000D68D1F808E040F3CF8044F20007C4F2A0
:103590000107BB4200F0D38044F60007C4F20107E4
:1035A000BB4200F0CC8044F20047C4E0036843F61D
:1035B000FF77C4F20107D3F820C0BB421A6A22F495
:1035C00080321A621A465C6852F8546F0D68D1F85E
:1035D00008E040F3D38044F20007C4F20107BB4285
:1035E00000F0D78044F60007C4F20107BB4200F0A8
:1035F000D08044F20047C8E0036843F6FF77C4F286
:103600000107D3F820C0BB421A6A22F480121A6262
:103610001A465C6852F8546F0D68D1F808E040F320
:10362000D98044F20007C4F20107BB4200F0DD80FC
:1036300044F60007C4F20107BB4200F0D68044F212
:103640000047CEE00027C4F20107BB4205D040F29C
:103650000047C4F20107BB4205D1CF6824F00C0437
:1036600027F004073C43B34240F3E28044F20006F3
:10367000C4F20106B34200F0E68044F60006C4F24C
:103680000106B34200F0DF8044F20046D7E000BFFD
:103690000027C4F20107BB4201D0734506D1D1E92E
:1036A0000576374325F4406646EA870548F6FF4726
:1036B0005D60CFF6FF6707EA0C0747EA08279F61BE
:1036C0004F6809699F631C629F6947F400679F61A7
:1036D0009F6927F480679F61A7E000BF0027C4F2BD
:1036E0000107BB4201D0734506D1D1E905763743C6
:1036F00025F4405646EA07154FF68C775D60CFF605
:10370000FE7707EA0C0747EA0807DF614F68096997
:10371000DF631C62DF6947F00807DF61DF6927F0BC
:103720000407DF61ADE000BF0027C4F20107BB4220
:1037300005D040F20047C4F20107BB4204D14F69F3
:1037400024F4804444EA871448F6FF475C60CFF6CF
:10375000FF673E402CF4005746EA0524DC614E68C2
:1037600009691E6447EA0E371F62DF6947F4006784
:10377000DF61DF6927F48067DF6156E00027C4F26C
:103780000107BB4205D040F20047C4F20107BB422B
:1037900004D14F6924F4803444EA07244FF68C772F
:1037A0005C60CFF6FE7703373E402CF4003746EAE4
:1037B00005045C654E6809699E6547EA0E471F620D
:1037C0005F6D47F008075F655F6D27F004075F6571
:1037D00057E000BF0027C4F20107BB4205D040F20A
:1037E0000047C4F20107BB4204D14F6924F480248E
:1037F00044EA872448F6FF475C60CFF6FF6707F589
:1038000040773E402CF4001746EA05245C654E687C
:103810000969DE6547EA0E571F625F6D47F400676E
:103820005F655F6D27F480675F65090229E000BF6F
:103830000026C4F20106B34205D040F20046C4F2AD
:103840000106B34206D12EF44077D1E9056537432E
:1038500047EA050E4FF68C75C3F804E0CFF6FE7507
:103860000CEA050747EA08079F614F6809695F632B
:103870001C629F6947F008079F619F6927F0040752
:103880009F611368194311600021002280F83C20D9
:103890000846BDE8F081000060B310B5044690F81A
:1038A0003D0028B9002084F83C00204600F024F8B0
:1038B000022084F83D002068211D01F09DFE0120BA
:1038C00084F8480084F83E0084F83F0084F8400003
:1038D00084F8410084F8420084F8430084F84400EE
:1038E00084F8450084F8460084F8470084F83D00D9
:1038F000002010BD0120704770470000000000004C
:1039000071B10A1F4FEAB202032A11D8DFE802F0B0
:1039100002161E2400F13F031B78012B13D120E077
:1039200090F83E20012A0ED1022280F83E2032E09B
:1039300000F143031B78012B05D112E000F1400395
:103940001B78012B0DD00120704700BF00F141030F
:103950001B78012B05D0F6E700F142031B78012B01
:10396000F1D1032A08D8DFE802F0030B0F1300BFE0
:10397000022280F83F200EE0022280F843200AE075
:10398000022280F8402006E0022280F8412002E076
:10399000022280F84220026801F01F00012101FA92
:1039A00000F0116A814311624EF2FF31C4F200014E
:1039B0008A42116A40EA0100106215DC40F6FF30CD
:1039C000C4F20000824227DCB2F1804F4ED040F2B8
:1039D0000040C4F20000824248D040F60000C4F229
:1039E0000000824242D053E043F6FF700021C4F24F
:1039F0000100C4F20101824244F20000C4F201005D
:103A00001EDC4EF20043C4F200039A422ED08A42DA
:103A100024D040F200431DE040F60040C4F2000014
:103A2000824223D041F60000C4F2000082421DD041
:103A30004EF20000C4F20000824217D028E000BF1E
:103A400082420BD044F60003C4F201039A4205D02F
:103A500044F20043C4F201039A4219D1536C8A42E2
:103A600043F40041516418BF82420BD10721906892
:103A7000C0F2010101400020062918BFB1F5803FC6
:103A800006D1704740F20040C4F201008242EDD0FE
:103A9000106840F001001060002070470000000036
:103AA00090F88410012901D1022070472421C0F828
:103AB000881002681368116823F0005321F0010197
:103AC00011600021416613602022C0F8882080F830
:103AD0008410084670470000704700000000000096
:103AE000704700000000000070B590F88420012AA3
:103AF00002D1022070BD00BF2422C0F888200268D5
:103B0000D0F864E0BEF1000FD2F800C0136823F0D3
:103B100001031360936823F0606341EA030191603D
:103B20001AD0916849F26C5E9368C0F6000E5B0F84
:103B300049F27455C1F34266C0F600051EF8034011
:103B4000E95C2301B3FBF1F11EF80630AE5D1B0109
:103B5000B3FBF6F302E000BF01210123A0F86A10D5
:103B60002021A0F86830C2F800C0C0F888100021F9
:103B700080F88410084670BD70B590F88420012A42
:103B800002D1022070BD00BF2422C0F88820026844
:103B9000D0F864E0BEF1000FD2F800C0136823F043
:103BA00001031360936823F0604341EA03019160CD
:103BB0001AD0916849F26C5E9368C0F6000E5B0FF4
:103BC00049F27455C1F34266C0F600051EF8034081
:103BD000E95C2301B3FBF1F11EF80630AE5D1B0179
:103BE000B3FBF6F302E000BF01210123A0F86A1045
:103BF0002021A0F86830C2F800C0C0F88810002169
:103C000080F88410084670BD704700000000000076
:103C10007047000000000000704700000000000036
:103C200070B50446006840F62F01C2691140202992
:103C3000016886680ED101F0200306F080555B19FB
:103C40001AD0616F002900F07D802046BDE87040E9
:103C5000084700BF40F60F031A420DD0012340F27F
:103C60002015C1F20003C0F2004506EA030C01EA88
:103C7000050313EB0C0367D1E36E012B05D112F0A2
:103C8000100318BF11F010034CD1D3020AD516F45B
:103C9000800307D04FF4801101622046BDE87040D8
:103CA000FFF7B6BF100606D501F0800006F400034A
:103CB000C01840F0A18150066ED511F040006BD0C5
:103CC000206850E8000F216820F0400041E8000221
:103CD000F2B1206850E8000F216820F0400041E870
:103CE0000002002A1FBF206850E8000F216820F062
:103CF00040001CBF41E80002002A09D0206850E8BB
:103D0000000F216820F0400041E80002002AD7D1CE
:103D10002020C4F888000020A0672046BDE870403D
:103D200000F0FEBD102101628068400616D4B4F890
:103D30005C00B4F85E10B4F85E20002A18BF884218
:103D400040F08A8170BD00BFD30718BF11F48073A3
:103D50002ED1930706F0010E36D440E0D4F880004F
:103D600040F20F42C4F202020168914200F34A811C
:103D70006F22C4F20202914200F3F0813F22C4F2AA
:103D80000202914200F306821022C4F20202914222
:103D900000F0258228221FE2100240F14B8111F031
:103DA000804000F047812046BDE87040FFF72CBFFF
:103DB00001230362D4F8903043F00103C4F890303B
:103DC000930706F0010E0AD5BEF1000F07D00223BB
:103DD0000362D4F8903043F00403C4F890305307E2
:103DE0000AD5BEF1000F07D004230362D4F8903047
:103DF00043F00203C4F8903013070CD501F0200300
:103E000053EA0C0307D008230362D4F8903043F040
:103E10000803C4F8903013050BD511F0806308D067
:103E20004FF400630362D4F8903043F02003C4F8E9
:103E30009030D4F89030002B3FF484AF12F0200281
:103E40000AD001F0200106F08052891804D0616F79
:103E500011B1204688472068D4F89010806800F09F
:103E6000400001F02801401806D12046FFF7D4FE9B
:103E70000020C4F8900070BD206850E8000F216851
:103E800020F4907041E80002F2B1206850E8000F81
:103E9000216820F4907041E80002002A1FBF2068CA
:103EA00050E8000F216820F490701CBF41E8000228
:103EB000002A09D0206850E8000F216820F4907093
:103EC00041E80002002AD7D14FF6FE70CEF6FF700F
:103ED000216851E8021F2268014042E80213DBB169
:103EE000216851E8021F2268014042E80213002BBA
:103EF0001FBF216851E8021F226801401CBF42E831
:103F00000213002B08D0216851E8021F22680140EB
:103F100042E80213002BDBD1E06E012827D1206894
:103F200050E8000F216820F0100041E80002F2B1D3
:103F3000206850E8000F216820F0100041E80002DE
:103F4000002A1FBF206850E8000F216820F01000F1
:103F50001CBF41E80002002A09D0206850E8000F89
:103F6000216820F0100041E80002002AD7D120206B
:103F7000C4F88C000020E06621686067886840060D
:103F800064D5206850E8020F216820F0400041E825
:103F90000202F2B1206850E8020F216820F04000D0
:103FA00041E80202002A1FBF206850E8020F216882
:103FB00020F040001CBF41E80202002A09D020681E
:103FC00050E8020F216820F0400041E80202002A78
:103FD000D7D1D4F88000C8B345F6C911C0F60001A6
:103FE0000165FCF77DFF00283FF4ACAED4F88000FB
:103FF000016DBDE870400847A16F00297FF425AE30
:10400000A0E600BF40F26F42C4F20202914200F308
:10401000B18040F23F42C4F20202914200F3C280FA
:1040200040F21042C4F20202914200F0D88040F205
:104030002842D1E0D0017FF585AEB1F1FF3FC8BF86
:1040400070BD2046BDE87040FFF74ABD2046BDE880
:104050007040FFF7E1BD00BF401A216851E8001F22
:10406000226821F4907142E80013F3B1216851E80D
:10407000001F226821F4907142E80013002B1FBF3B
:10408000216851E8001F226821F490711CBF42E8AA
:104090000013002B09D0216851E8001F226821F489
:1040A000907142E80013002BD7D14FF6FE71CEF687
:1040B000FF71226852E8022F23680A4043E8022673
:1040C000DEB1226852E8022F23680A4043E8022644
:1040D000002E1FBF226852E8022F23680A401CBF2F
:1040E00043E80226002E08D0226852E8022F2368F7
:1040F0000A4043E80226002EDBD12021C4F88C10B0
:104100000021E1666167216851E8001F226821F003
:10411000100142E80013F3B1216851E8001F226842
:1041200021F0100142E80013002B1FBF216851E865
:10413000001F226821F010011CBF42E80013002B71
:1041400009D0216851E8001F226821F0100142E8DF
:104150000013002BD7D181B210E100BF9F22C4F21F
:104160000202914228DC7022C4F20202914236D04F
:10417000882231E040F29F42C4F20202914223DCE5
:1041800040F27042C4F20202914228D040F28842CA
:1041900022E000BF4022C4F2020291421FD0582206
:1041A0001AE000BF40F24042C4F20202914216D02F
:1041B00040F2584210E000BFA022C4F20202914235
:1041C0000DD0B82208E000BF40F2B842C4F20202AB
:1041D000914204D040F2A042C4F2020291424A68E5
:1041E000B4F85C3091B2002900F0C080994280F0B0
:1041F000BD80A4F85E20C069B0F5807F00F0A98082
:10420000206850E8000F216820F4807041E8000227
:10421000F2B1206850E8000F216820F4807041E876
:104220000002002A1FBF206850E8000F216820F418
:1042300080701CBF41E80002002A09D0206850E8C5
:10424000000F216820F4807041E80002002AD7D1D5
:10425000206850E8020F216820F0010041E80202C6
:10426000F2B1206850E8020F216820F0010041E817
:104270000202002A1FBF206850E8020F216820F0C8
:1042800001001CBF41E80202002A09D0206850E862
:10429000020F216820F0010041E80202002AD7D174
:1042A000206850E8020F216820F0400041E8020237
:1042B000F2B1206850E8020F216820F0400041E888
:1042C0000202002A1FBF206850E8020F216820F078
:1042D00040001CBF41E80202002A09D0206850E8D3
:1042E000020F216820F0400041E80202002AD7D1E5
:1042F0002020C4F88C000020E066206850E8000F01
:10430000216820F0100041E80002F2B1206850E876
:10431000000F216820F0100041E80002002A1FBFB2
:10432000206850E8000F216820F010001CBF41E811
:104330000002002A09D0206850E8000F216820F010
:10434000100041E80002002AD7D1D4F88000FCF721
:104350002FFB02202067B4F85C00B4F85E10401A0E
:1043600081B22046BDE87040FFF7B6BB8B427FF4B8
:10437000E9ACC069B0F5807F7FF4E4AC022020672F
:104380002046BDE87040FFF7A7BB0000000000001A
:1043900010B5E0B10446D0F8880028B9002084F8B0
:1043A0008400204600F028F82420C4F88800206803
:1043B000A16A0268002922F00101016002D02046B2
:1043C00001F0D6F9204602F00BF8012802D10120B5
:1043D00010BD00BF2068416821F4904141608168B0
:1043E00021F02A018160016841F00101016020464D
:1043F000BDE8104001F02CBAB0B5B6B0044602A832
:10440000B8210025CDE93455CDE932553195FCF779
:104410008AF844F200412068C4F20001884241D089
:1044200044F60001C4F20001884271D041F200015B
:10443000C4F20101884240F0A3800120029002A84A
:1044400000240394FDF7E4F908B1FCF719F944F2EC
:10445000E040C5F60200016941F010010161016907
:1044600001F0100101910199016841F00201016020
:10447000006831A900F00200019001984FF440401B
:1044800031900220CDE932040420359040F2004002
:104490003494C5F60200FCF797FE25200221002285
:1044A000252468E002A8039502240294FDF7B0F9E0
:1044B00008B1FCF7E5F844F2E040C5F60200816877
:1044C00041F400318160816801F40031019101996A
:1044D000016841F008010160006840F2004100F00D
:1044E00008000190C5F6020101986020CDE9310471
:1044F0000020CDE933000720359001F5006031A997
:10450000FCF762FE262001210022262433E000BFB2
:1045100002A80024039402250295FDF779F908B159
:10452000FCF7AEF844F2E040C5F60200816841F4C1
:1045300080218160816801F48021019101990168E5
:1045400041F002010160006831A900F00200019011
:1045500001984FF44060CDE931050720359040F2D5
:104560000040C5F60200CDE93344FCF72DFE2720BC
:10457000022100222724FCF79FFF2046FCF788FF3A
:1045800036B0B0BD0000000080B5D0F88C30202BD4
:1045900006D10123002918BF002A03D1184680BD87
:1045A000022080BD0023C36640F60043D0F800C05F
:1045B000C5F600039C4503D0DCF804301B0205D48B
:1045C00002F07AF90023184680BD00BF036853E863
:1045D00000CFD0F800E04CF080634EE8003CBCF126
:1045E000000FEDD0036853E800CFD0F800E04CF0A6
:1045F00080634EE8003CBCF1000F1FBF036853E826
:1046000000CFD0F800E04CF080631CBF4EE8003CC7
:10461000BCF1000FD4D0036853E800CFD0F800E01D
:104620004CF080634EE8003CBCF1000FCED1C7E7F0
:10463000B0B584B040F2A031C2F2004188421DD032
:1046400040F23441C2F20041884257D040F2C841A2
:10465000C2F2004188421CBF04B0B0BD40F27004F9
:10466000C2F2004420782118C978FF2962D0A278CC
:104670006178002A63D0013160E000BF40F6D404C5
:10468000C2F200442046FCF783F850BBE0796B2867
:1046900027D1D4F803100122A078490000EE101AA7
:1046A0009FED502A40F2F005A2EB4000C2F2004517
:1046B000B8EE400A01EE100AB8EEC11A20EE020A66
:1046C00020EE010A9FED481A20EE010A10EE100AB2
:1046D000E86002F005FE10EE100AE860684603F09C
:1046E00037FFD4F82001211840F2A030C2F2004078
:1046F000012204B0BDE8B040FFF746BF40F60824F1
:10470000C2F200442046FCF743F828B940F60820DE
:10471000C2F2004003F030FDD4F82001211840F22D
:104720003440C2F20040012204B0BDE8B040FFF7BF
:104730002BBF00BF002020700121A1706170C9B2A1
:10474000042939D121796279A5798B18013BDBB233
:104750009D4231D142EA01219FED201A00EE101A4C
:10476000B8EEC00A80EE010AB7EE001AB4EE410AB4
:10477000F1EE10FA20DA9FED1A1AB4EE410AF1EECA
:1047800010FA19DD40F2F00240F6940110EE100A22
:10479000C2F20042C2F20041906043F20160088020
:1047A0006B2088705068032200F022F80020A4F8E3
:1047B0000100012304E000BF431C3F2888BF002301
:1047C00054FA83F00122C11C40F2C840C2F20040FA
:1047D000237004B0BDE8B040FFF7D6BE00007A44B5
:1047E000CDCCCC3DDB0F49400000803700000000FD
:1047F000D0F88830202B07D10123002918BF002AC8
:1048000004D11846704700BF02207047016500219F
:10481000A0F85420A0F85620C0F890102121C0F82C
:104820008810416EB1F1005F816835D1B1F5805FCC
:1048300002D10169002965D046F6C151C0F60001D8
:104840008167016851E8021F026841F4000142E8F3
:104850000213F3B1016851E8021F026841F400013C
:1048600042E80213002B1FBF016851E8021F0268D3
:1048700041F400011CBF42E80213002B09D001687B
:1048800051E8021F026841F4000142E80213002BC4
:10489000D7D10020704700BFB1F5805F01D1016919
:1048A000B1B346F6F141C0F600018167016851E8F5
:1048B000001F026841F0800142E80013002BE8D09D
:1048C000016851E8001F026841F0800142E80013CE
:1048D000002B1FBF016851E8001F026841F08001F2
:1048E0001CBF42E80013002BD3D0016851E8001F21
:1048F000026841F0800142E80013002BD6D100236A
:104900001846704746F60141C0F6000198E700BF1F
:1049100046F63131C0F60001C7E700000000000094
:104920007047000000000000FEE7000000000000EB
:104930002DE9F04387B044F2E0404FF00009C5F69E
:104940000200CDF81890002400220168C5F6020488
:1049500041F0100101600168182601F01001019179
:104960000199016841F080010160016801F0800156
:1049700001910199016841F001010160016801F0B4
:10498000010101910199016841F002010160016892
:1049900001F0020101910199016841F008010160F3
:1049A000016801F0080101910199016841F00401D9
:1049B00001600068182100F0040001900198204671
:1049C000FCF7DAFC04F5406540F60F71002228463A
:1049D00040F60F78FCF7D0FC029602AE2046314636
:1049E0000127CDF81490CDE90379FCF7EDFB2846BB
:1049F0003146CDE90287CDE90499FCF7E5FB07B024
:104A0000BDE8F0830000000070B5A2B001A8342119
:104A100000241B94CDE91944CDE91644CDE9144492
:104A2000CDE91244CDE91044CDE90E44FBF77BFDFE
:104A300040F2D81044F20005C2F20040C4F2010571
:104A40004FF489710560C0E9011444F61F61C0E9A3
:104A50000314C0E90544FEF7EFF908B1FBF710FEB7
:104A60004FF48050189040F2D81018A9C2F20040BC
:104A7000FEF756FA08B1FBF703FE40F2D810C2F277
:104A80000040FEF709FF08B1FBF7FAFD40F2D8102D
:104A900015A9C2F20040002415941794FEF75CF9A2
:104AA00008B1FBF7EDFD60200EA9CDE90E0440F240
:104AB000D8100022C2F200401494CDE91044CDE990
:104AC0001244FEF789FC08B1FBF7DAFD40F2D81476
:104AD0000026C2F200444FF40050CDE9060601A9B9
:104AE00020460596CDE90366CDE901660D96FEF7F1
:104AF000CFF808B1FBF7C4FD20681D96A84223D06B
:104B000040F60041C4F20001884233D040F6000173
:104B1000C4F20001884249D144F2E040C5F60200E7
:104B2000016841F0080101600068022100F00800FE
:104B30001C901C984FF470401D900020C5F6020098
:104B400000F5406029E000BF44F2E040C5F60200F5
:104B5000016841F0100101600068042100F01000BC
:104B60001C901C9820201D900020C5F6020000F526
:104B7000805012E044F2E040C5F60200016841F0C6
:104B8000010101600068022100F001001C901C98E6
:104B900004201D900020C5F6020021911DA90222CB
:104BA0001E920022CDE91F22FCF70EFB22B070BD41
:104BB00010B58CB040F28C100021C2F200400024ED
:104BC000C4F201010294C0E900144FF6FF71846041
:104BD000C0E9031401210B94CDE90314CDE90514B8
:104BE000CDE9091403A9CDE90044C0E90544CDE9A4
:104BF0000744FEF795FA08B1FBF742FD40F28C102E
:104C00006946C2F200400294CDE90044FEF7A4F8E0
:104C100008B1FBF735FD0CB010BD0000000000002E
:104C200010B58CB040F224200024C2F200404FF0B6
:104C300080410194C0E900144FF0FF318460C0E965
:104C4000031401218461CDE90314CDE90514CDE9F4
:104C5000091403A90B94CDE90744FEF761FA08B1E2
:104C6000FBF70EFD40F224206946C2F2004000949A
:104C70000294FEF771F808B1FBF702FD0CB010BD0D
:104C800010B58CB040F2702040F20041C2F20040FA
:104C90000024C4F200010194C0E900144FF6FF7132
:104CA0008460C0E9031401218461CDE90314CDE9D6
:104CB0000514CDE9091403A90B94CDE90744FEF7C7
:104CC0002FFA08B1FBF7DCFC40F270206946C2F213
:104CD000004000940294FEF73FF808B1FBF7D0FCC7
:104CE0000CB010BD00000000B0B594B040F2BC2084
:104CF00040F60005C2F2004000210D91C4F200050B
:104D0000CDE90B11CDE90811CDE90611CDE904116A
:104D1000CDE90211CDE9001105604FF48972C0E9B7
:104D2000012140F2E7328161C0E90321FEF784F8F6
:104D300008B1FBF7A5FC4FF480500A9040F2BC206C
:104D40000AA9C2F20040FEF7EBF808B1FBF798FCA5
:104D500040F2BC20C2F20040FEF79EFD08B1FBF716
:104D60008FFC40F2BC2007A9C2F200400024079447
:104D70000994FDF7F1FF08B1FBF782FC602069465A
:104D8000CDE9000440F2BC200022C2F200400294AF
:104D90000494FEF721FB08B1FBF772FC40F2BC2043
:104DA0006946C2F200400422FEF716FB08B1FBF789
:104DB00067FC40F2BC206946C2F200400822FEF7C0
:104DC0000BFB08B1FBF75CFC40F2BC246946C2F265
:104DD00000440C222046FEF7FFFA08B1FBF750FC16
:104DE00044F200012068C4F2010188424FF0000142
:104DF0000F911FD040F60041C4F2000188422FD02D
:104E0000A84249D144F2E040C5F60200016841F0F1
:104E1000080101600068022100F008000E900E9861
:104E20004FF470400F900020C5F6020000F540607E
:104E300029E000BF44F2E040C5F60200016841F0FD
:104E4000100101600068042100F010000E900E981F
:104E500020200F900020C5F6020000F5805012E0DF
:104E600044F2E040C5F60200016841F00101016032
:104E70000068022100F001000E900E9804200F90AF
:104E80000020C5F6020013910FA902221092002201
:104E9000CDE91122FCF798F914B0B0BD0000000074
:104EA000B0B594B040F2083040F60045C2F2004080
:104EB00000210D91C4F20005CDE90B11CDE90811D7
:104EC000CDE90611CDE90411CDE90211CDE90011BA
:104ED00005604FF48972C0E9012140F2E732816137
:104EE000C0E90321FDF7A8FF08B1FBF7C9FB4FF4A8
:104EF00080500A9040F208300AA9C2F20040FEF742
:104F00000FF808B1FBF7BCFB40F20830C2F20040DA
:104F1000FEF7C2FC08B1FBF7B3FB40F2083007A96B
:104F2000C2F20040002407940994FDF715FF08B170
:104F3000FBF7A6FB60200294CDE90004049440F244
:104F40000834C2F20044694608222046FEF744FABB
:104F500008B1FBF795FB44F200012068C4F201019F
:104F600088424FF000010F911ED0A84232D040F687
:104F70000001C4F20001884248D144F2E040C5F685
:104F80000200016841F0080101600068022100F0A0
:104F900008000E900E984FF470400F900020C5F658
:104FA000020000F5406028E044F2E040C5F602004F
:104FB000016841F0100101600068042100F0100058
:104FC0000E900E9820200F900020C5F6020000F5EC
:104FD000805012E044F2E040C5F60200016841F062
:104FE000010101600068022100F001000E900E989E
:104FF00004200F900020C5F6020013910FA9022291
:1050000010920022CDE91122FCF7DEF814B0B0BDF9
:1050100010B58CB040F2543040F20041C2F2004072
:105020000024C4F201010294C0E900144FF6FF719C
:105030008460C0E9031401210B94CDE90314CDE988
:105040000514CDE9091403A9CDE90044C0E90544DC
:10505000CDE90744FEF764F808B1FBF711FB40F215
:1050600054306946C2F200400294CDE90044FDF795
:1050700073FE08B1FBF704FB0CB010BD000000008C
:1050800080B540F2A03041F20001C2F20040C4F20B
:1050900001010C2201604FF4E13141600021C0E9BF
:1050A00002110161C0E90521C0E90711C0E9091138
:1050B000FFF76EF908B1FBF7E3FA40F2A0300021E8
:1050C000C2F20040FEF758FD08B1FBF7D9FA40F2F2
:1050D000A0300021C2F20040FEF706FD08B1FBF748
:1050E000CFFA40F2A030C2F20040FEF7D9FC00280F
:1050F00008BF80BDBDE88040FBF7C2BA00000000D9
:1051000080B540F2344044F20041C2F20040C4F2A3
:1051100000010C2201604FF4165141600021C0E9EA
:1051200002110161C0E90521C0E90711C0E90911B7
:10513000FFF72EF908B1FBF7A3FA40F23440002143
:10514000C2F20040FEF718FD08B1FBF799FA40F2F1
:1051500034400021C2F20040FEF7C6FC08B1FBF764
:105160008FFA40F23440C2F20040FEF799FC00286A
:1051700008BF80BDBDE88040FBF782BA0000000098
:1051800080B540F2C84044F60001C2F20040C4F2CB
:1051900000010C2201604FF4165141600021C0E96A
:1051A00002110161C0E90521C0E90711C0E9091137
:1051B000FFF7EEF808B1FBF763FA40F2C8400021B0
:1051C000C2F20040FEF7D8FC08B1FBF759FA40F2F2
:1051D000C8400021C2F20040FEF786FC08B1FBF790
:1051E0004FFA40F2C840C2F20040FEF759FC0028D6
:1051F00008BF80BDBDE88040FBF742BA0000000058
:10520000FEE7000000000000FEE7000000000000D4
:105210007047000000000000F0B581B044F22C4758
:10522000C5F6020757F8042C02F00302032A03D143
:10523000012001B0F0BD00BF054657F82C0C0C460C
:1052400020F0806047F82C0CFCF79EF8064600BF63
:1052500057F82C0C000105D5FCF796F8801B0228A6
:10526000F6D964E057F8040CEE6895E80E0020F4D7
:105270007C30012C40EA0130A2F101016FF35F2183
:105280004FF47E4202EB432247F8040C92B24FF0F7
:10529000FE4302EB01004FF4FE012A6901EB0641D7
:1052A00001F4FE0103EB0262084402F0FE410844EF
:1052B000F8603868696920F0C00040EA0100386091
:1052C0003868A96920F0200040EA01003860386899
:1052D0004FF6F87120F0100038603869EA6920EA6A
:1052E00001004FF4001140EAC2003861386808BF7D
:1052F0004FF4801140F01000002C386008BF4FF4CC
:10530000002138680843386057F82C0C40F0806062
:1053100047F82C0CFCF738F8044600BF57F82C0C63
:10532000000107D4FCF730F8001B0328F6D3032054
:1053300001B0F0BD002001B0F0BD00000000000091
:10534000F0B581B044F22C47C5F6020757F8042C9B
:1053500002F00302032A03D1012001B0F0BD00BF17
:10536000054657F82C0C0C4620F0805047F82C0CC2
:10537000FCF70AF8064600BF57F82C0C800005D54C
:10538000FCF702F8801B0228F6D964E057F8040CF9
:10539000EE6895E80E0020F07C70012C40EA015088
:1053A000A2F101016FF35F214FF47E4202EB432231
:1053B00047F8040C92B24FF0FE4302EB01004FF4A9
:1053C000FE012A6901EB064101F4FE0103EB0262D2
:1053D000084402F0FE41084478613868696920F4A5
:1053E000406040EA010038603868A96920F4007024
:1053F00040EA0100386038684FF6F87120F4807098
:105400003860B869EA6920EA01004FF0807140EA2B
:10541000C200B861386808BF4FF4000140F48070E2
:10542000002C386008BF4FF48001386808433860AA
:1054300057F82C0C40F0805047F82C0CFBF7A4FFD9
:10544000044600BF57F82C0C800007D4FBF79CFFE4
:10545000001B0328F6D3032001B0F0BD002001B0EB
:10546000F0BD0000000000007047000000000000D8
:10547000FBF792BF00000000B0B59CB044F61804E2
:10548000022000251195CDE90F55CDE90D55CDE947
:105490000B550895C5F60204CDE90655CDE904552E
:1054A000CDE902550195FCF747F80095206820F4F6
:1054B00040402060206800F4404000900098206840
:1054C000800409D4206880045CBF20685FEA8040C3
:1054D00002D420688004F2D5012009902C224FF4D8
:1054E0008031CDE915200C20199009A80A910221DC
:1054F0001491CDE91211CDE917110024CDE91A4418
:10550000FDF722F920B1EFF3108072B6FEE700BF7D
:105510003F20019003204FF48061CDE90204082070
:1055200004904020CDE90500CDE9071001A8032132
:10553000FCF7C2FE20B1EFF3108072B6FEE700BFA9
:105540001CB0B0BD000000004EF6885042F2000CC6
:10555000CEF20000C5F2002C026842F47002026034
:10556000DCF8000000F00F00062806D8DCF8000088
:10557000072262F30300CCF8000044F200404EF62C
:105580007F51C5F60200CEF6F621026842F0010214
:10559000026000220261036819400160DCF800101B
:1055A000090706D5DCF80010072363F30301CCF8E4
:1055B000001040F200218261C261C0F20221026249
:1055C00081620021C0F2FF11C16240F28021C0F26D
:1055D0000111016342638163C26301644264016833
:1055E00021F480210160026644F20000C5F200202F
:1055F00043F2D2010160704710B540F6FF32D0F897
:1056000000E0C4F20002904210DCB0F1804F1ED0E6
:1056100040F20043C4F20003984218D040F6000361
:10562000C4F20003984212D016E000BF40F60043D7
:10563000C4F2000398420AD040F20043C4F20103CE
:10564000984204D00023C4F20103984204D12EF002
:1056500070024B6843EA020E4EF2FF3343F6FF7CC2
:10566000C4F20003C4F2010C984213DD60452BDC48
:105670004EF20043C4F20003984242D00023C4F229
:10568000010398423DD040F20043C4F20103984226
:1056900037D03BE040F2FF73C4F20003984227DDAD
:1056A00040F60003C4F2000398422AD040F60043BB
:1056B000C4F20003984224D04EF20003C4F2000367
:1056C00098421ED022E000BF44F20003C4F201035E
:1056D000984216D044F60003C4F20103984210D059
:1056E00044F20043C4F2010398420AD00EE000BF26
:1056F000B0F1804F05D040F20043C4F2000398425D
:1057000004D12EF44072CB6843EA020E4B69604527
:105710000A688C68C462826212DD44F20002C4F23C
:105720000102904217D044F60002C4F201029042F6
:1057300011D044F20042C4F2010290420BD00CE0BE
:105740000022C4F20102904205D040F20042C4F2AD
:105750000102904201D109690163016841F004012D
:105760000160012141612EF080011943016010BDEB
:10577000816A0A070CD4CA0715D18A071ED44A07C2
:1057800027D4CA0630D48A0639D44A0655D541E012
:105790000268D0F838C0536823F4004343EA0C038E
:1057A0005360CA07E9D00268D0F82CC0536823F4CC
:1057B000003343EA0C0353608A07E0D50268D0F84F
:1057C00030C0536823F4803343EA0C0353604A0724
:1057D000D7D50268D0F834C0536823F4802343EA55
:1057E0000C035360CA06CED50268D0F83CC093685B
:1057F00023F4805343EA0C0393608A06C5D50268FC
:10580000D0F840C0936823F4005343EA0C0393603C
:105810004A0612D50268D0F844C0BCF5801F536810
:1058200023F4801343EA0C03536006D1536823F436
:10583000C00C836C43EA0C035360090658BF7047E1
:105840000168C06C4A6822F4002210434860704727
:10585000B0B582B004460020C4F89000FBF794FD78
:10586000216805460A68120737D54FF40011002257
:105870006FF07E40009020462B4601F015FB58B398
:10588000206850E8000F216820F0800041E8000205
:10589000F2B1206850E8000F216820F0800041E854
:1058A0000002002A1FBF206850E8000F216820F086
:1058B00080001CBF41E80002002A09D0206850E89F
:1058C000000F216820F0800041E80002002AD7D1B3
:1058D0002020C4F8880062E021680868400765D588
:1058E0004FF4800100226FF07E40009020462B464E
:1058F00001F0DAFA002859D0206850E8000F21683A
:1059000020F4907041E80002F2B1206850E8000FE6
:10591000216820F4907041E80002002A1FBF20682F
:1059200050E8000F216820F490701CBF41E800028D
:10593000002A09D0206850E8000F216820F49070F8
:1059400041E80002002AD7D1206850E8020F216800
:1059500020F0010041E80202F2B1206850E8020F95
:10596000216820F0010041E80202002A1FBF2068E0
:1059700050E8020F216820F001001CBF41E802023C
:10598000002A09D0206850E8020F216820F00100A9
:1059900041E80202002AD7D12020C4F88C0003205D
:1059A000002184F8841002B0B0BD00BF2020C4F8EC
:1059B0008800C4F88C000020E0662067002184F88D
:1059C000841002B0B0BD0000806B0021A0F85E1012
:1059D000FEF722B900000000B0F860200168D0F89E
:1059E0008C30222B40F0A880496A836D114023F847
:1059F000021B8365B0F85E100139A0F85E10B0F8A4
:105A00005E10002918BF7047016851E8001F026846
:105A100021F4907142E80013F3B1016851E8001FCE
:105A2000026821F4907142E80013002B1FBF016847
:105A300051E8001F026821F490711CBF42E8001376
:105A4000002B09D0016851E8001F026821F4907111
:105A500042E80013002BD7D1016851E8021F026809
:105A600021F0010142E80213F3B1016851E8021F7D
:105A7000026821F0010142E80213002B1FBF0168F8
:105A800051E8021F026821F001011CBF42E8021325
:105A9000002B09D0016851E8021F026821F00101C2
:105AA00042E80213002BD7D12021C0F88C1000212E
:105AB0004167016740F600420168C5F60002914265
:105AC00002D0496809023DD4C16E012964D1002188
:105AD000C166016851E8001F026821F0100142E828
:105AE0000013F3B1016851E8001F026821F01001B2
:105AF00042E80013002B1FBF016851E8001F026835
:105B000021F010011CBF42E80013002B09D00168EE
:105B100051E8001F026821F0100142E80013002B39
:105B2000D7D10168CA69D20601D510220A62B0F83D
:105B30005C10FDF7D1BF00BF886940F008008861A4
:105B4000704700BF016851E8001F026821F08061C2
:105B500042E80013002BB7D0016851E8001F02682B
:105B600021F0806142E80013002B1FBF016851E85B
:105B7000001F026821F080611CBF42E80013002B67
:105B8000A2D0016851E8001F026821F0806142E85C
:105B90000013002BD6D197E7FEF74ABD00000000A6
:105BA0002DE9F04F81B004460268B0F86050D66924
:105BB00010689168D4F88C30222B55D1B4F8682045
:105BC000002A00F0F08000F4807801F001074FF027
:105BD00000094FF0020B4FF0010A03E0B4F85E0039
:105BE000002850D0B00640F1DE802068A16D426AE6
:105BF0002A4021F8022BA165B4F85E100139A4F8FF
:105C00005E10C6697107E9D0F20718BFB8F1000F3E
:105C100002D1B2070AD412E0C0F820A0D4F8902034
:105C200042F00102C4F89020B20708D53FB1C0F895
:105C300020B0D4F8902042F00402C4F8902000294B
:105C400008D53FB104210162D4F8900040F0020071
:105C5000C4F89000D4F890000028BFD02046FDF78B
:105C6000DBFFC4F89090B9E7906940F008009061BC
:105C70002EE100BF206850E8000F216820F48070FA
:105C800041E80002EAB1206850E8000F216820F4E2
:105C9000807041E80002A2B1206850E8000F21683E
:105CA00020F4807041E80002002A1FBF206850E8FD
:105CB000000F216820F480701CBF41E80002002A18
:105CC000D8D14FF6FE70CEF6FF70216851E8021F62
:105CD0002268014042E80213DBB1216851E8021F4B
:105CE0002268014042E80213002B1FBF216851E8DF
:105CF000021F226801401CBF42E80213002B08D09B
:105D0000216851E8021F2268014042E80213002B7B
:105D1000DBD12020C4F88C0000206067206740F6AB
:105D200000412068C5F60001884203D040680002A7
:105D300000F19A80E06E012840F0C2800020E06609
:105D4000206850E8000F216820F0100041E80002B0
:105D5000F2B1206850E8000F216820F0100041E8FF
:105D60000002002A1FBF206850E8000F216820F0C1
:105D700010001CBF41E80002002A09D0206850E84A
:105D8000000F216820F0100041E80002002AD7D15E
:105D90002068C169C90601D510210162B4F85C1000
:105DA0002046FDF799FEB4F85E00002800F09080D0
:105DB000B4F86810884280F08B80206850E8020FA9
:105DC000216820F0805041E80202F2B1206850E8DA
:105DD000020F216820F0805041E80202002A1FBF14
:105DE000206850E8020F216820F080501CBF41E875
:105DF0000202002A09D0206850E8020F216820F032
:105E0000805041E80202002AD7D145F6D910C0F6E9
:105E100000006067206850E8000F216840F0200013
:105E200041E80002002A53D0206850E8000F2168A2
:105E300040F0200041E80002002A1FBF206850E81F
:105E4000000F216840F020001CBF41E80002002A3A
:105E50003ED0206850E8000F216840F0200041E863
:105E60000002002AD6D133E0206850E8000F2168F4
:105E700020F0806041E80002002A3FF45BAF206818
:105E800050E8000F216820F0806041E80002002AFD
:105E90001FBF206850E8000F216820F080601CBF01
:105EA00041E80002002A3FF445AF206850E8000FA7
:105EB000216820F0806041E80002002AD4D139E74F
:105EC0002046FEF7B5FBB4F85E0000287FF470AF03
:105ED00001B0BDE8F08F0000B0F860100268D0F8A3
:105EE0008C30222B40F0AA80526A836D11401970C9
:105EF000816D01318165B0F85E100139A0F85E1046
:105F0000B0F85E10002918BF7047016851E8001F03
:105F1000026821F4907142E80013FBB1016851E876
:105F2000001F026821F4907142E80013002B1FBF8C
:105F3000016851E8001F026821F490711CBF42E81B
:105F40000013002B0AD0016851E8001F026821F4F9
:105F5000907142E80013002BD7D100BF016851E8CF
:105F6000021F026821F0010142E80213F3B1016847
:105F700051E8021F026821F0010142E80213002BE0
:105F80001FBF016851E8021F026821F001011CBF18
:105F900042E80213002B09D0016851E8021F026891
:105FA00021F0010142E80213002BD7D12021C0F8D3
:105FB0008C1000214167016740F600420168C5F678
:105FC0000002914202D0496809023DD4C16E012904
:105FD00064D10021C166016851E8001F026821F008
:105FE000100142E80013F3B1016851E8001F026894
:105FF00021F0100142E80013002B1FBF016851E897
:10600000001F026821F010011CBF42E80013002BA2
:1060100009D0016851E8001F026821F0100142E830
:106020000013002BD7D10168CA69D20601D510220E
:106030000A62B0F85C10FDF74FBD00BF906940F0F8
:1060400008009061704700BF016851E8001F0268B6
:1060500021F0806142E80013002BB7D0016851E8BD
:10606000001F026821F0806142E80013002B1FBF6F
:10607000016851E8001F026821F080611CBF42E8FE
:106080000013002BA2D0016851E8001F026821F024
:10609000806142E80013002BD6D197E7FEF7C8BA1B
:1060A0002DE9F04F81B004460268B0F86050D6691F
:1060B00010689168D4F88C30222B57D1B4F868203E
:1060C000002A00F0F28000F4807A01F001074FF01E
:1060D00000084FF0020B4FF0010903E0B4F85E0036
:1060E000002852D0B00640F1E0802068A16D406ADF
:1060F00028400870A06D0130A0652068B4F85E10DB
:106100000139A4F85E10C6697107E7D0F20718BF1D
:10611000BAF1000F02D1B2070AD412E0C0F8209001
:10612000D4F8902042F00102C4F89020B20708D5BC
:106130003FB1C0F820B0D4F8902042F00402C4F877
:106140009020002908D53FB104210162D4F89000C5
:1061500040F00200C4F89000D4F890000028BDD0B0
:106160002046FDF759FDC4F89080B7E7906940F0EC
:10617000080090612EE100BF206850E8000F216800
:1061800020F4807041E80002EAB1206850E8000F76
:10619000216820F4807041E80002A2B1206850E834
:1061A000000F216820F4807041E80002002A1FBF20
:1061B000206850E8000F216820F480701CBF41E87F
:1061C0000002002AD8D14FF6FE70CEF6FF7021688B
:1061D00051E8021F2268014042E80213DBB1216846
:1061E00051E8021F2268014042E80213002B1FBF42
:1061F000216851E8021F226801401CBF42E80213D7
:10620000002B08D0216851E8021F2268014042E8B3
:106210000213002BDBD12020C4F88C000020606723
:10622000206740F600412068C5F60001884203D08F
:106230004068000200F19A80E06E012840F0C280C0
:106240000020E066206850E8000F216820F0100070
:1062500041E80002F2B1206850E8000F216820F008
:10626000100041E80002002A1FBF206850E8000F1C
:10627000216820F010001CBF41E80002002A09D06C
:10628000206850E8000F216820F0100041E800026B
:10629000002AD7D12068C169C90601D51021016241
:1062A000B4F85C102046FDF717FCB4F85E00002837
:1062B00000F09080B4F86810884280F08B802068ED
:1062C00050E8020F216820F0805041E80202F2B14C
:1062D000206850E8020F216820F0805041E8020257
:1062E000002A1FBF206850E8020F216820F080506C
:1062F0001CBF41E80202002A09D0206850E8020FC2
:10630000216820F0805041E80202002AD7D145F6EA
:10631000D960C0F600006067206850E8000F21686F
:1063200040F0200041E80002002A53D0206850E8E5
:10633000000F216840F0200041E80002002A1FBF42
:10634000206850E8000F216840F020001CBF41E8A1
:106350000002002A3ED0206850E8000F216840F07B
:10636000200041E80002002AD6D133E0206850E83E
:10637000000F216820F0806041E80002002A3FF40D
:106380005BAF206850E8000F216820F0806041E892
:106390000002002A1FBF206850E8000F216820F08B
:1063A00080601CBF41E80002002A3FF445AF20682E
:1063B00050E8000F216820F0806041E80002002AC8
:1063C000D4D139E72046FEF733F9B4F85E0000284F
:1063D0007FF470AF01B0BDE8F08F00000000000056
:1063E000F0B583B00446006846F6F31640F6004E5A
:1063F00022696569D4E902130A43E7690168CCF6AA
:10640000FF762A4331401143C5F6000E394301603F
:106410004168704521F4405144F2544C41EA030173
:106420004160A2694FF2FF431CBF216A0A438168A1
:10643000C1F2FF131940C5F6020C1143816047F603
:10644000FF32C16AC4F2000221F00F01656A904276
:106450004FF0800341EA0501C16219DD41F2FF718D
:10646000C4F2010188422DDC47F60041C4F200016C
:10647000884257D041F20001C4F20101884239D06C
:1064800041F20041C4F20101884233D057E000BF1D
:1064900044F6FF31C4F20001884237DD44F6004182
:1064A000C4F2000188423DD045F20001C4F200016F
:1064B000884237D047F60001C4F20001884231D04B
:1064C0003DE000BF41F60001C4F20101884211D055
:1064D00041F60041C4F2010188420BD070452ED133
:1064E000DCF8041001F00702062A80F081800FF228
:1064F000BC3122E0DCF80010C1F3C202062A80F0B1
:10650000778049F23E51C0F6000116E044F20041A6
:10651000C4F20001884205D044F60001C4F2000133
:1065200088420CD1DCF8001001F00702062A80F046
:106530005F8049F23851C0F600018B181B78704516
:1065400040F60010C0F23D0000F05A80B7F5004F51
:1065500040F08480402B4FF0010100F29E81DFE883
:1065600013F0410019019C019C011F019C019C0139
:106570009C0127019C019C019C019C019C019C01A8
:106580009C012F019C019C019C019C019C019C0190
:106590009C019C019C019C019C019C019C019C0113
:1065A0009C013F019C019C019C019C019C019C0160
:1065B0009C019C019C019C019C019C019C019C01F3
:1065C0009C019C019C019C019C019C019C019C01E3
:1065D0009C019C019C019C019C019C019C019C01D3
:1065E0009C013D01FBF7C4FF002840F0D680E5E0A8
:1065F0008023704540F60010C0F23D007FF4A6AF46
:106600009A1E01211E2A00F27780DFE812F01F0097
:1066100046017B00460146014601830046014601D2
:10662000460146014601460146018D0046014601EC
:106630004601460146014601460146014601460122
:10664000460146014601460146019A00FAF79CFFC1
:10665000002800F06680656A73E000BF402B4FF0B1
:10666000010100F21A81DFE813F04100D90018019E
:106670001801DF00180118011801E70018011801BE
:1066800018011801180118011801EF00180118016C
:106690001801180118011801180118011801180132
:1066A00018011801180118011801FF00180118013C
:1066B0001801180118011801180118011801180112
:1066C0001801180118011801180118011801180102
:1066D00018011801180118011801180118011801F2
:1066E00018011801180118011801FD00FBF740FFFF
:1066F000002840F09680A5E0402B40F0CE804FF47B
:1067000000401EE06846FAF753FF019800287FF426
:10671000A2AF06E06846FAF7E3FF019800287FF48D
:106720009AAF0021B9E000BF5CF8540C800649F232
:106730000000C0F2D03004D55CF8541CC1F3C10194
:10674000C84049F254516268C0F6000131F8151092
:10675000B0FBF1F002EB420188424FF00101C0F0C2
:106760009C801303984200F29880010E00230002DF
:1067700010EB520041F10001F9F718FE4FF60052FC
:10678000A0F54071C0F20F029142C0F0808001215B
:1067900083E000BFFBF71CFF80B1656A20E000BF0B
:1067A0006846FAF705FF01980028F6D106E000BF19
:1067B0006846FAF795FF01980028EED100216CE0B9
:1067C0005CF8540C800649F20000C0F2D03007D5C6
:1067D0005CF8541CC1F3C101C84001E04FF4004013
:1067E00049F25451C0F6000131F81510B0FBF1F038
:1067F00061684A0802EB40004FF6EF72B0FBF1F01F
:10680000A0F11001914207D84FF6F0710140C0F39A
:10681000420008443BE000BF01213EE0FBF7D8FE08
:1068200080B1656A20E000BF6846FAF7C1FE0198B2
:106830000028F6D106E000BF6846FAF751FF01983C
:106840000028EED1002128E05CF8540C800649F2C3
:106850000000C0F2D03007D55CF8541CC1F3C10170
:10686000C84001E04FF4004049F254516268C0F65C
:10687000000131F81510B0FBF1F000EB5200B0FB55
:10688000F2F0A0F110014FF6EF72914204D82168A6
:10689000C860002101E000BF01214FF00110A06697
:1068A0000020C4E91D00084603B0F0BD0204081032
:1068B000204000000000000081650023A0F85C205B
:1068C000A0F85E208168436751B1B1F1805F0BD0C1
:1068D000B1F5805F0CD1016921B940F2FF110AE0E6
:1068E000016939B9FF2106E0016919B13F2102E0D0
:1068F000002100E07F21A0F860100021C0F8901076
:106900002221C0F88C10016851E8021FD0F800C0A5
:1069100041F001014CE802130BB3016851E8021F7A
:10692000D0F800C041F001014CE80213002B1FBF5A
:10693000016851E8021FD0F800C041F001011CBFFE
:106940004CE80213002B0AD0016851E8021FD0F86E
:1069500000C041F001014CE80213002BD3D1416E7D
:10696000B1F1005F03D1B0F86810914240D981685D
:10697000B1F5805F016907D1002947D045F6D9619B
:10698000C0F60001416706E045F6D9620029C0F66D
:10699000000242673FD0016851E8001F026841F4DD
:1069A000907142E80013002B00F0BE80016851E8AE
:1069B000001F026841F4907142E80013002B1FBFD2
:1069C000016851E8001F026841F490711CBF42E861
:1069D0000013002B00F0A880016851E8001F026836
:1069E00041F4907142E80013002BD4D19CE000BF29
:1069F0008168B1F5805F016938D1002966D046F21F
:106A0000A101C0F60001416736E000BF45F6D9118B
:106A1000C0F600014167016851E8001F026841F0BB
:106A2000200142E80013002B7ED0016851E8001FCE
:106A3000026841F0200142E80013002B1FBF0168EB
:106A400051E8001F026841F020011CBF42E800131A
:106A5000002B69D0016851E8001F026841F0200155
:106A600042E80013002BD6D15EE000BF46F2A1023F
:106A7000C0F60002426779B3016851E8001F02685E
:106A800041F4807142E8001333B3016851E8001FFC
:106A9000026841F4807142E80013002B1FBF0168B7
:106AA00051E8001F026841F480711CBF42E80013E6
:106AB000002B11D0016851E8001F026841F4807179
:106AC00042E80013002BD7D106E000BF45F6A13104
:106AD000C0F60001416700BF016851E8021F02686B
:106AE00041F0805142E80213F3B1016851E8021FFE
:106AF000026841F0805142E80213002B1FBF016879
:106B000051E8021F026841F080511CBF42E80213A5
:106B1000002B09D0016851E8021F026841F0805142
:106B200042E80213002BD7D100207047000000007C
:106B3000D0F88810212918BF7047B0F8561069B1F5
:106B4000016D026831F8023B6FF35F2393620165C8
:106B5000B0F856100139A0F856107047016851E896
:106B6000001F026821F0800142E80013F3B10168C0
:106B700051E8001F026821F0800142E80013002B59
:106B80001FBF016851E8001F026821F080011CBF8F
:106B900042E80013002B09D0016851E8001F026889
:106BA00021F0800142E80013002BD7D1016851E8A1
:106BB000001F026841F0400142E80013002BCCD0D6
:106BC000016851E8001F026841F0400142E80013EB
:106BD000002B1FBF016851E8001F026841F040010F
:106BE0001CBF42E80013002BB7D0016851E8001F1A
:106BF000026841F0400142E80013002BD6D1ACE717
:106C0000D0F8881021291DD1B0F86A10002908BFDA
:106C1000704700BFB0F85620B2B10268D3691B06B6
:106C20000DD5D0F850C03CF8023B6FF35F23936260
:106C3000C0F850C0B0F85620013AA0F856200139EB
:106C40000A04E7D1704700BF016851E8021F0268DB
:106C500021F4000142E80213F3B1016851E8021F78
:106C6000026821F4000142E80213002B1FBF0168F3
:106C700051E8021F026821F400011CBF42E8021320
:106C8000002B09D0016851E8021F026821F40001BD
:106C900042E80213002BD7D1016851E8001F0268B7
:106CA00041F0400142E80013002BCBD0016851E8CD
:106CB000001F026841F0400142E80013002B1FBF93
:106CC000016851E8001F026841F040011CBF42E822
:106CD0000013002BB6D0016851E8001F026841F094
:106CE000400142E80013002BD6D1ABE700000000C2
:106CF000D0F88810212918BF7047B0F8561059B144
:106D0000016D026811F8013B93620165B0F85610FD
:106D10000139A0F856107047016851E8001F026859
:106D200021F0800142E80013F3B1016851E8001F2F
:106D3000026821F0800142E80013002B1FBF0168A8
:106D400051E8001F026821F080011CBF42E80013D7
:106D5000002B09D0016851E8001F026821F0800172
:106D600042E80013002BD7D1016851E8001F0268E8
:106D700041F0400142E80013002BCCD0016851E8FB
:106D8000001F026841F0400142E80013002B1FBFC2
:106D9000016851E8001F026841F040011CBF42E851
:106DA0000013002BB7D0016851E8001F026841F0C2
:106DB000400142E80013002BD6D1ACE700000000F0
:106DC000D0F8881021291BD1B0F86A10002908BF1B
:106DD000704700BFB0F85620A2B10268D3691B0605
:106DE0000BD5D0F850C01CF8013B9362C0F850C0DE
:106DF000B0F85620013AA0F8562001390A04E9D12A
:106E0000704700BF016851E8021F026821F40001C9
:106E100042E80213F3B1016851E8021F026821F44D
:106E2000000142E80213002B1FBF016851E8021F56
:106E3000026821F400011CBF42E80213002B09D0B4
:106E4000016851E8021F026821F4000142E80213C0
:106E5000002BD7D1016851E8001F026841F04001C2
:106E600042E80013002BCBD0016851E8001F0268F4
:106E700041F0400142E80013002B1FBF016851E8B8
:106E8000001F026841F040011CBF42E80013002BC4
:106E9000B6D0016851E8001F026841F0400142E8A5
:106EA0000013002BD6D1ABE72DE9F04180460068F6
:106EB0000D46C7693940491BB1FA81F14909914230
:106EC00025D1069C34B31646611C29D1C1692940DD
:106ED000491BB1FA81F14909B14218D1C169294070
:106EE000491BB1FA81F14909B14201BFC169294089
:106EF000491BB1FA81F104BF4909B14207D1C16907
:106F00002940491BB1FA81F14909B142DED0002084
:106F1000BDE8F081FAF738FA0320BDE8F08100BF40
:106F20001F4607E0C0692840401BB0FA80F04009C6
:106F3000B042ECD1FAF728FAC01BA04200F2B680AA
:106F4000D8F8000001684907ECD5402D18BF802D06
:106F5000E8D0C169090700F1AD80C1690905E1D533
:106F60004FF400610162D8F8000050E8000FD8F833
:106F7000001020F4907041E8000222B3D8F800001D
:106F800050E8000FD8F8001020F4907041E800029B
:106F9000002A1FBFD8F8000050E8000FD8F80010F2
:106FA00020F490701CBF41E80002002A0BD0D8F8F2
:106FB000000050E8000FD8F8001020F4907041E86D
:106FC0000002002ACFD14FF6FE70CEF6FF70D8F83F
:106FD000001051E8021FD8F80020014042E80213D7
:106FE0000BB3D8F8001051E8021FD8F80020014078
:106FF00042E80213002B1FBFD8F8001051E8021F0F
:10700000D8F8002001401CBF42E80213002B0AD030
:10701000D8F8001051E8021FD8F80020014042E8DB
:107020000213002BD3D1D8F86C0001282FD1D8F847
:10703000000050E8000FD8F8001020F0100041E8E0
:10704000000222B3D8F8000050E8000FD8F8001072
:1070500020F0100041E80002002A1FBFD8F800000D
:1070600050E8000FD8F8001020F010001CBF41E8D5
:107070000002002A0BD0D8F8000050E8000FD8F822
:10708000001020F0100041E80002002ACFD120209B
:10709000C8F88C000021C8F86C10C8F87410C8F843
:1070A0009000032088F88410BDE8F0810320BDE83B
:1070B000F08100BF08210162D8F8000050E8000FFD
:1070C000D8F8001020F4907041E8000222B3D8F8FC
:1070D000000050E8000FD8F8001020F4907041E84C
:1070E0000002002A1FBFD8F8000050E8000FD8F8AF
:1070F000001020F490701CBF41E80002002A0BD061
:10710000D8F8000050E8000FD8F8001020F4907074
:1071100041E80002002ACFD14FF6FE70CEF6FF7094
:10712000D8F8001051E8021FD8F80020014042E8CA
:1071300002130BB3D8F8001051E8021FD8F8002052
:10714000014042E80213002B1FBFD8F8001051E89D
:10715000021FD8F8002001401CBF42E80213002B98
:107160000AD0D8F8001051E8021FD8F800200140DA
:1071700042E80213002BD3D1D8F86C0001282FD19C
:10718000D8F8000050E8000FD8F8001020F01000E8
:1071900041E8000222B3D8F8000050E8000FD8F808
:1071A000001020F0100041E80002002A1FBFD8F8AC
:1071B000000050E8000FD8F8001020F010001CBFAD
:1071C00041E80002002A0BD0D8F8000050E8000F78
:1071D000D8F8001020F0100041E80002002ACFD1BA
:1071E0002020C8F88C000020C8F86C00C8F8740093
:1071F0000821C8F8901088F884000120BDE8F081CB
:1072000040F2A030C2F20040FCF70ABD00000000CE
:1072100040F23440C2F20040FCF702BD0000000022
:1072200040F2C840C2F20040FCF7FABC0000000087
:10723000B0B584B040F608244AF6FA70C2F20044B1
:10724000ADF80E004BF6FB70ADF80C0001208DF888
:107250000B006B208DF80A000DF10E000090C82184
:107260000222022303A801902046F9F711FA40F602
:10727000D4050DF10B00C2F200450090C821012297
:1072800001230DF10A0001902846F9F701FAD4F81C
:1072900020010122211840F23440C2F20040FDF7E3
:1072A00073F9D5F820010122291840F2A030C2F26A
:1072B0000040FDF769F940F270000122C2F200407F
:1072C00001780844C11C40F2C840C2F20040FDF7FA
:1072D0005BF904B0B0BD0000FEE700000000000054
:1072E00080B52DED028B9FED108AF0EE480A01F07B
:1072F000E7FA9FED0E1AB4EE410AF1EE10FA0DDD39
:107300009FED0B1AB4EE410AF1EE10FA03DD9FED8A
:10731000091A30EE010ABDEC028B80BD30EE080A7E
:10732000BDEC028B80BD00BFDB0FC940DB0F49C045
:10733000DB0F4940DB0FC9C0B0B52DED088B05460A
:10734000086809EE100A4B68A868896800EE100A00
:107350000AEE103A0BEE101A144601F009FAA8686A
:10736000B0EE408A01EE100AB0EE410A01F058FB7F
:107370002868696801EE100A02EE101AA868A8EEE3
:10738000091AA0EE092AA0EE4A1A00EE100AA8EE89
:107390000A2A9FED248AF0EE480A3BEE000A11EE1D
:1073A000100A12EE101A2060616001F089FA9FED58
:1073B0001E1AB4EE410AF1EE10FA0BDD9FED1B1A16
:1073C000B4EE410AF1EE10FA06DD9FED191A30EE27
:1073D000010A01E030EE080A10EE100AA06001F088
:1073E000C7F9A068B0EE408A01EE100AB0EE410A7B
:1073F00001F016FB10EE101A18EE100AE06081F092
:107400000042226122686261A161E06160682062DD
:1074100000206062A0624FF07E50E062BDEC088BFD
:10742000B0BD00BFDB0FC940DB0F49C0DB0F4940D7
:10743000DB0FC9C00000000010B52DED028B10EE6F
:10744000101A0446B0EE410A10EE900A216011EEC7
:10745000101A6060A16001F08BF9A068B0EE408A5C
:1074600001EE100AB0EE410A01F0DAFA10EE101A3D
:1074700018EE100AE06081F0004222612268626129
:10748000A161E0616068206200206062A0624FF04C
:107490007E50E062BDEC028B10BD000000000000D9
:1074A000F9F78AFFFDF7E8FFFDF742FAFDF780FBE9
:1074B000FDF7B6FBFDF7E4FBFDF716FCFDF7F0FC6E
:1074C000FDF7A6FDFDF7A0FAFDF7DAFDFDF718FEC2
:1074D000FDF756FE00F0DCFC00F01EFEFCE70000AD
:1074E00091ED000A91ED011A30EE010A91ED021AB8
:1074F00030EE010A91ED031A30EE010AB5EE001AE2
:1075000020EE010A10EE102A426191ED000A91ED81
:10751000012A30EE420A91ED022A30EE020A91ED84
:10752000032A30EE420A20EE010A10EE102A026110
:1075300091ED000A91ED011A31EE400A91ED021A27
:1075400030EE010A91ED031A30EE410A9FED071A61
:1075500080EE010A10EE102A82610A6802604A6811
:1075600042608A688260C968C1607047EA04343F3B
:1075700030EE802A9FED134A30EEC03A9FED126A3A
:10758000B0EE425AA1EE062AB0EE437AA1EE043ADA
:10759000A1EE045AA1EE067A15EE101A17EE102A83
:1075A000016012EE101A426013EE102A816010EE94
:1075B000101AC26010EE902A016111EE101A426199
:1075C00081617047EA0434BEEA04343E00000000E2
:1075D00070B52DED068B98B040F2B40640F25C54C5
:1075E000C2F20046C2F20044307804280CD8DFE82A
:1075F00000F0030D15496F0096ED0C8A96ED0D9A7B
:1076000096ED0EAA00257BE091E000BF96ED0C8A76
:1076100096ED0D9A96ED0EAA012571E096ED0C0AF5
:10762000D6ED0D0A0CA89FED541AFFF705FF40F2A6
:107630002415C2F2004595ED100A01F099F8B0EE5C
:10764000408A95ED100A01F0EBF99DED0D1A9DEDC4
:107650000C3A20EE012AB06B28EE011A029068461F
:10766000A8EE032AA0EE431A8DED002A8DED011A33
:1076700000F0BEFE9DED008A9DED019A9DED02AAEF
:1076800001253DE096ED0C8A96ED0D9AB0EE480A84
:10769000F0EE490A0CAD96ED0E1A2846FFF7CCFE27
:1076A00040F224106A46C2F2004029463830FFF703
:1076B00043FEDDE9000130630298C6E90D1096ED46
:1076C0000E0AFFF70DFEB0EE40AA0420307016E05F
:1076D00006F130000CAD90EC030A2846FFF7ACFE33
:1076E00040F224106A46C2F200402946383000F0C9
:1076F000ABFE9DED008A9DED019A9DED02AA02254B
:107700007078A84213D02046294600F0FDF804F115
:107710009200294600F0F8F804F59270294600F02E
:10772000F3F804F5DB70294600F0EEF87570B0EE62
:10773000480AF0EE490AB0EE4A1A06F15400FFF783
:1077400017FF96ED150A204600F0EEF896ED160AA2
:1077500004F1920000F0E8F896ED170A04F5927033
:1077600000F0E2F896ED180A04F5DB7000F0DCF8A2
:1077700018B0BDEC068B70BD0000000000000000DA
:107780002DE9F04104460A9F15460E46DDE90B1827
:107790000998DDE907C2DDF818E026606560A3609E
:1077A00027761FB17346674604E000BF13460746BD
:1077B00072466046C4F812203022E08204F12100B3
:1077C000E3602782F8F76AFE04F15900302241464F
:1077D000F8F764FE30462946FCF792F8A0683C2191
:1077E000FBF79AFDF9F7D0FDC4F88A00BDE8F081F7
:1077F00070B5B7EEC00A9FED403A9FED3B1B0446C3
:10780000D0F88E0080FE010B00229FED391B002571
:10781000B7EEC00BB7EEC00A80FE410BB7EEC00B4F
:10782000B0EEC02AB4EE423A9FED342AF1EE10FADF
:1078300032FE000A02EE100A31A030EE424AB4EEE7
:10784000420AF1EE10FAC8BF0430B0EEC44A90ED1F
:10785000005AE06832EE052AB4EE434AF1EE10FA1F
:1078600032FE000AB0EEC02A10EE101AB5EE400A41
:10787000C4F88E10218AB7EEC22AF1EE10FAB4BF16
:107880000125012222EE011BBCEEC11B11EE106A84
:10789000F9F772FDE18AD4F812002A46F9F76CFD77
:1078A00060684FEAB000042808D8DFE800F0030B56
:1078B0000F13170020680068466370BD20680068D9
:1078C000C66570BD20680068866370BD206800686A
:1078D000C66370BD20680068066470BD20680068DB
:1078E000866570BD00BF00BF0000000000408FC073
:1078F0000000000000408F40CDCC4C3D0000000057
:10790000CDCC4CBDCDCC4C3DB0B5054621300C4660
:1079100000F0BEF905F1590000F0BAF985F8894088
:10792000B0BD00000000000070B52DED068B0446D0
:1079300080689FED3B2AB0EE408A0068416A09B238
:1079400001EE101A00214162207EB8EEC11AD4F86F
:107950005110002881EE021A9FED322A21EE029A80
:1079600021EE42AA01EE101A09FE0A2A31EE021A8D
:1079700011EE100AC4F85100F9F706FDD4F88A2078
:107980009FED292A821A217E00EE102AC4F88A006F
:10799000002994F88910B8EE400A09FE0A1A80EE10
:1079A000020A81EE000A10EE102AC4F8192051B321
:1079B000022904F11905D4F81D6007D001292BD143
:1079C00018EE100A38EE400A686011E018EE100A4E
:1079D000B0EE480AE86304F1590000F0D5F82868D1
:1079E000E96E00EE101A01EE100A696030EE410AED
:1079F00004F1210008EE106A00F0C6F8686B00EE92
:107A0000100A38EE008A2046B0EE480ABDEC068B1C
:107A1000BDE87040FFF7ECBEBDEC068B70BD00BF4B
:107A20000000434462C15A3E00007A440000000056
:107A30002DE9F04381B02DED088BA4B040F25C58E5
:107A400040F22414C2F20048C2F20044201D214634
:107A5000D8F8E360D8F87571D8F85150D8F8079283
:107A600080E8C002204608EE105A09EE106A0AEEBD
:107A7000107A25600BEE109AFFF732FD40F2B40049
:107A800020A9C2F2004090ED010A90ED021A38EEF2
:107A9000400A90ED032A90ED043A8DED200A39EE6C
:107AA000410A04308DED210A3AEE420A8DED220A98
:107AB0003BEE430A80E8E00219A88DED230AFFF7A8
:107AC0000FFD1DA80DAD90EC030A2846FFF7B4FC8E
:107AD00004F1380601AA30462946FFF72DFC9DED3A
:107AE000030A84ED100A0198A0630298E063FFF78F
:107AF000F7FB304684ED100A00F07AFCD8F8190044
:107B000044F81C0FD8F8AB006060D8F83D01A060C5
:107B1000D8F8CF01E06020462146FFF7E1FC40F6AF
:107B200064002169C2F20040016061694160A1699D
:107B3000816000F05DFC24B0BDEC088B01B0BDE8B5
:107B4000F08300000000000010B510EE101A04468B
:107B500010EE900A216011EE101A606011EE900A8A
:107B6000A16012EE101A6061A161F9F70DFC00EE40
:107B7000100AB8EE400A10EE100AE06041F26F20E1
:107B8000C3F68320206110BD10B52DED028BB0EE41
:107B9000408A0446F9F7F8FB00EE100AE06801EEAF
:107BA000100AB8EE400A30EE410A9FED361A80FE08
:107BB000010A9FED351A80EE010A10EE100A2061CD
:107BC000F9F7E2FBA16A03EE100A236A00EE101A2D
:107BD00005EE103A2268216901EE102A38EE402A9B
:107BE00006EE101AB0EE450AA168B8EE434AA06945
:107BF00003EE100AA1EE080A82EE061A02EE101A2F
:107C000014EE100AB1EE434AA1EE020AE06018EE4B
:107C1000100AE061B4EE430AF1EE10FA04DDB5EEAD
:107C2000408AF1EE10FA1CDCB4EE440AF1EE10FAD0
:107C300004DAB5EE408AF1EE10FA12DB616826EE46
:107C4000086A07EE101A6169A6EE075A06EE101AC6
:107C500085FE465AB1EE466A85FE065A15EE101AA2
:107C6000216280FE430AA06221EE021A80FE040A0D
:107C700011EE101A616210EE101AE162BDEC028B77
:107C800010BD00BFCDCCCC3D00007A440000000008
:107C900010B504460020A06260622062E061F9F73E
:107CA00073FB00EE100AB8EE400A10EE100AE06016
:107CB00041F26F20C3F68320206110BD0000000058
:107CC000B0B5034601294FF001001870597005D076
:107CD000C1B940F64030C2F2004003E040F2A47067
:107CE000C2F20040991C026A0A604A60426A8A60D5
:107CF0000268CA6042680A6182684A6142698A61B0
:107D00008069C86140F6082540F69404C2F2004537
:107D1000C2F2004422221946B5F80001208050200A
:107D2000A070E01CF8F7BAFBE07821796279A379BA
:107D300048405040E1795840227A4840617A5040AA
:107D4000A27A4840E17A5040227B4840617B504013
:107D5000A27B4840E17B5040227C4840617C5040FF
:107D6000A27C4840E17C5040227D4840617D5040EB
:107D7000A27D4840E17D5040227E4840617E5040D7
:107D8000A27E4840E17E5040227F4840617F5040C3
:107D9000A27F4840E17F504094F82020484094F86A
:107DA0002110504094F82220484094F8231050406D
:107DB00094F824204840B5F810115040282280F053
:107DC000500084F8250040F23440E184C2F20040C3
:107DD0002146BDE8B040FCF70BBD000000000000EC
:107DE0000160426008461146FBF78ABD00000000B2
:107DF000B7EEC00A9FED242A9FED1D1B416880FE4F
:107E0000010B4FEAB1029FED1C1B042AB7EEC00B19
:107E1000B7EEC00A80FE410B9FED191AB7EEC00BFA
:107E200080EE010A9FED171AA0EE012ABCEEC20AED
:107E300010EE101A08D8DFE802F0030B0F1317003A
:107E4000006800684163704700680068C16570475A
:107E5000006800688163704700680068C16370470C
:107E600000680068016470470068006881657047B9
:107E700000000000000000000000000000806640DC
:107E8000000034430000FA440000FA430000000000
:107E90002DE9F04F81B02DED0C8B8AB0FFF7C8F9BA
:107EA00040F2B40140F2A032C2F20041C2F20042FC
:107EB00001F13C000C4640F2C8413223C2F20041BD
:107EC00000F066FA143440F2D811C2F200410022E8
:107ED0002046FFF785FF9FED8A0A2046FFF788FFBF
:107EE000B1EE049AB7EE008A9FED86BA40F64034B0
:107EF0009FED85AAB0EE4B1AB0EE490AF0EE480AA3
:107F0000F0EE4A1AB0EE482AC2F200442046FFF7CB
:107F10001BFE9FED7EDA40F2A47B9FED7DCAB0EEA2
:107F20004D0AF0EE4C0AB0EE4C1AF0EE4C1AB0EEE0
:107F3000482AC2F2004B5846FFF706FEB0EE490A47
:107F4000F0EE480AB0EE4B1AF0EE4A1AB0EE482AAC
:107F500004F130000990FFF7F7FDB0EE4D0AF0EEA6
:107F60004C0AB0EE4C1AF0EE4C1AB0EE482A0BF167
:107F700030052846FFF7E8FDB0EE490AF0EE480A62
:107F8000B0EE4B1AF0EE4A1AB0EE482A04F1600047
:107F90000890FFF7D9FDB0EE4D0AF0EE4C0AB0EEB6
:107FA0004C1AF0EE4C1AB0EE482A0BF1600630463F
:107FB000FFF7CAFDB0EE490AF0EE480AB0EE4B1AE0
:107FC000F0EE4A1AB0EE482A04F190084046FFF756
:107FD000BBFDB0EE4D0AF0EE4C0AB0EE4C1AF0EEDE
:107FE0004C1AB0EE482A0BF190073846FFF7ACFD6B
:107FF00040F6004A4FF48070C5F6020A40F25C5920
:10800000CDE9010A4FF4806003900120C2F20049DB
:10801000CDE9040440F2BC2440F22423C2F200441F
:10802000C2F20043002248462146CDF800A0CDF818
:1080300018B0FFF7A5FBCDF800A00220CDE9010A9A
:10804000082003904FF0000BCDF810B040F25433ED
:108050000998059009F19200C2F200430C222146D2
:108060000695FFF78DFBCDF800A0012001900420BC
:10807000CDF808A040F28C13CDE9030B08980590C9
:1080800009F59270C2F200430822214601250696A6
:10809000FFF776FB03A94FF40070CDE9010A4FF416
:1080A000006040F2702381E8210109F5DB70C2F223
:1080B000004304222146CDF800A00697FFF760FB9D
:1080C00040F2B40447F2D152C2F20044C0F60002BA
:1080D00004F11C00052100F02FF80220F9F760F8E8
:1080E00047F6312204F12600C0F6000205210AB04D
:1080F000BDEC0C8B01B0BDE8F04F00F01DB800BF27
:108100000000B442CDCC4C3DCDCCCC3D9A99993FAA
:10811000000000000000000010B540F2B404C2F2FC
:10812000004404F11C0000F013F804F12600BDE83F
:10813000104000F00DB8000070B514460D4606461C
:10814000F9F722F93060B580C6F8064070BD00002E
:1081500010B50446F9F718F92168A288401A904230
:1081600038BF10BDF9F710F9D4F806102060BDE84B
:108170001040084700000000B0B52DED068B8AB016
:10818000044680784D3806281CD8E51CDFE800F04E
:10819000041E1A961A1AB800E178201DFF2907D08C
:1081A00040F2B402C2F2004213788B4218BF117041
:1081B00040F2E4010268C2F200410A6042684A608B
:1081C000806888600AB0BDEC068BB0BDE0780128FD
:1081D00032D140F6082C40F69401C2F2004CC2F2B3
:1081E0000041BCF800210A804FF4A7724A8040F297
:1081F0005C12C2F200425068C1F8090040F6640007
:108200001368C2F200409268C1F80530C1F80D2031
:1082100002684368C1F811208068C1F81900BCF8F1
:1082200010012022C88340F23440C2F20040C1F85D
:108230001530FCF7DDFAE0780028C3D1D5F802301C
:10824000D5F80620217908EE103AC807D5F80A00BB
:1082500064D109EE102A8B0769D40AEE100A490787
:1082600004D540F25C11C2F20041886040F25C101B
:10827000C2F2004000F0BCF840F22414B0EE480A0C
:10828000F0EE490AB0EE4A1AC2F200442046FFF767
:108290006FF940F25C502168C2F20040C0F8511002
:1082A0006168C0F8E310A168C0F87511E168C0F812
:1082B00007120AB0BDEC068BB0BD00BF254615F80D
:1082C000030F012804D1217901A8FFF7F9FCE07818
:1082D00000287FF477AF01A8222200F10E0401A844
:1082E0002946F8F7DBF89DF8050001282AD0002878
:1082F0007FF468AF40F64030C2F2004026E000BF95
:10830000286800EE100A40F2C800C2F200400AB02D
:10831000BDEC068BBDE8B040FFF76ABD40F25C15CE
:10832000C2F200452B6009EE102A8B0795D540F26A
:108330005C13C2F200435A600AEE100A490795D551
:108340008FE700BF40F2A470C2F2004021680160D4
:1083500062684260A3688360E5684561246984615E
:108360000163426383634564846401664266836695
:1083700045678467C0F89010C0F89420C0F8983022
:10838000C0F8A450C0F8A8400AB0BDEC068BB0BD40
:1083900070B582B0044601604260002686601D46CA
:1083A000C660066146614FF47A70F8F7F9FE4FF245
:1083B0000160ADF8000001208DF80200280A8DF858
:1083C00004506D468DF803006B208DF8070060683F
:1083D00008222946ADF80560FCF70AFA6420F8F790
:1083E000DFFE606808222946FCF702FA02B070BD81
:1083F00010B52DED028B0446806800EE100A00F0E7
:10840000B7F9A068B0EE408A01EE100AB0EE410A5A
:1084100000F006FB10EE101A18EE100AE06081F072
:108420000042226122686261A161E06160682062AD
:1084300000206062A0624FF07E50E062BDEC028BD3
:1084400010BD000000000000B0B52DED088B054602
:10845000086800EE100A4B6828686C6801EE100A84
:108460008868A96802EE103A03EE104A0BEE100A73
:1084700030EE419A00EE101A144632EE43AA00F094
:1084800077F9A868B0EE408A01EE100AB0EE410A12
:1084900000F0C6FA2AEE001A2AEE082AA8EE091AF7
:1084A0009FED268AA0EE492AF0EE480A11EE100A46
:1084B00012EE101A20606160A86800EE100A3BEE10
:1084C000400A00F0FDF99FED1E1AB4EE410AF1EEEC
:1084D00010FA0BDD9FED1B1AB4EE410AF1EE10FA13
:1084E00006DD9FED191A30EE010A01E030EE080AB0
:1084F00010EE100AA06000F03BF9A068B0EE408AD0
:1085000001EE100AB0EE410A00F08AFA10EE101ADD
:1085100018EE100AE06081F0004222612268626178
:10852000A161E0616068206200206062A0624FF09B
:108530007E50E062BDEC088BB0BD00BFDB0FC940D0
:10854000DB0F49C0DB0F4940DB0FC9C00000000052
:1085500070B52DED028B98B040F2F0060446C2F2E1
:108560000046F16800EE101AB7EEC00A00F0A8F855
:10857000B06801EE100AF068B7EEC11A20EE010BE8
:1085800001EE100AB7EEC08BB7EEC10A00F0F0F9A9
:10859000B0680CAD01EE100A2846B7EEC11A20EE05
:1085A000010B9FED301AF7EEC00BB0EE480AFEF754
:1085B00043FF40F25C106A46C2F200402946FEF7D3
:1085C000BBFE0098306101997161B268226040F68B
:1085D000082CF268E160C2F2004C40F6940162603F
:1085E000A060C2F20041BCF800210A8055228A70C6
:1085F0002268C1F803206368C1F80730A668C1F893
:108600000B60D4F80CE0C1F80FE00C7948798D7953
:10861000624050400A7A68408C7A58404B7A504009
:108620000A7B58404B7B60408C7B70408E7C504076
:108630000A7C58404B7C604080EA0E005040162275
:108640005840704080F05500C874BCF81001888212
:1086500040F23440C2F20040FCF7CAF818B0BDEC5A
:10866000028B70BD0000000003B401984100009827
:1086700050EAC12018BF04204A0D18BF40F0010085
:1086800040F2FF72B2EB515F08BF40F002000128D8
:1086900008BF052002B070474100080218BF04203F
:1086A0000A0E18BF40F001004FF07F4232EA01018C
:1086B00008BF40F00200012808BF052070470000F5
:1086C00010B529499FED261B2DED020B84B00598AE
:1086D00020F000408842D8BF9DED040B2DDD2349DA
:1086E000884209D1049840B94FF00100F7F74AFFDA
:1086F00000F0CEFC06B010BD05DB9DED040B30EEA6
:10870000000B06B010BD68469DED040B00F050FA5A
:1087100010F0030004BF9DED021B9DED000B0CD07B
:1087200001280ED09DED021B9DED000B022810D0FC
:10873000012000F05DFC06B010BD00F0BDFB06B0EE
:1087400010BD9DED021B9DED000B012000F050FCC3
:1087500001E000F0B1FBB1EE400B06B010BD00002F
:108760000000000000000000FB21E93F0000F07F56
:1087700010EE101A08B5444A6846B2EB410F28D9EA
:108780004FF0E640B0EB410F94BF00204FF0FF30B8
:1087900000900098002861DB60EE000A10F0010FE5
:1087A00045D010F0020FDFED391A9FED391A00EEB7
:1087B000A11ADFED381A40EE811A21EEA01AF0EE70
:1087C000400A40EE010A08BFF1EE600AB0EE600A0E
:1087D00008BD314B21F0004293423CD911F0004FCB
:1087E000DFED2E0A20EE201ADFED2D0A19BF31EE43
:1087F000601A71EE200A31EE201A71EE600ABDEEA9
:10880000E01A11EE100A9FED271A00F0030000EEA7
:10881000C10A9FED251A009000EEC10A9FED231AB0
:1088200000EEC10A9FED221A00EEC10AB1E79FEDEA
:10883000211A9FED210A10F0020F00EE810A9FED30
:108840001F1A00EE801AB7EE000A00EE810A18BF68
:10885000B1EE400A08BD00F047FC9AE710EE100A9E
:108860004000B0F17F4F3CBFB7EE000A08BD07D112
:108870004FF00100F7F786FEBDE8084000F024BC89
:10888000BDE8084000F01CBCB61F927E336D4CB9A9
:10889000DA82083CA0AA2ABE490E494683F9223F43
:1088A0000000004B0000C93F00A0FD390020A233AA
:1088B0001A61342CB93AB2BACA9F2A3DDDFFFFBE15
:1088C00010B52DED028BF0EE408A18EE900AB0EE56
:1088D000608A20F00040C0F1FF40C00F07D118EEC1
:1088E000100A20F00040C0F1FF40C00F2BD018EE5E
:1088F000101A18EE900A00F001FD00EE100A10EEBA
:10890000100A6FEAD05010F0FF0F04BFBDEC028BCD
:1089100010BD18EE900A00F0004110EE100A00F0B1
:108920000040814204BFBDEC028B10BD18EE101A4E
:1089300010EE100ABDEC028B61F31E0000EE900AEF
:1089400030EE600A10BD18EE900A4FF07F41B1EB97
:10895000400F1CBF18EE100A5FEA4000C7D101208B
:10896000F7F710FEBDEC028BBDE8104000F0ACBB89
:1089700010B529499FED261B2DED020B84B00598FB
:1089800020F000408842DCBF00209DED040B2EDD6E
:108990002249884209D1049840B94FF00100F7F705
:1089A000F1FD00F075FB06B010BD05DB9DED040B7D
:1089B00030EE000B06B010BD68469DED040B00F0D4
:1089C000F7F810F003000DD0012814D09DED021B24
:1089D0009DED000B022816D000F06EFAB1EE400BB0
:1089E00006B010BD9DED021B9DED000B012000F0B7
:1089F000FFFA06B010BD9DED021B9DED000B00F0CF
:108A00005BFA06B010BD012000F0F2FAE6E70000C4
:108A10000000000000000000FB21E93F0000F07FA3
:108A200000B510EE101A2DED028B81B0524A684647
:108A3000B2EB410F2ED94FF0E640B0EB410F94BF9F
:108A400000204FF0FF3000900098B0EE408A0028E0
:108A50006ADB10F0010F4BD068EE080A9FED471A51
:108A60009FED470A00EE810A9FED461A10F0020FB3
:108A700000EE801AB7EE000A00EE810A02BF01B0D4
:108A8000BDEC028B00BD00BF01B0B1EE400ABDECF1
:108A9000028B00BD3C4B21F00042934241D911F0C2
:108AA000004FDFED3A0A20EE201ADFED390A19BF38
:108AB00031EE601A71EE200A31EE201A71EE600A72
:108AC000BDEEE01A11EE100A9FED321A00F003001D
:108AD00000EEC10A9FED301A009000EEC10A9FED32
:108AE0002F1A00EEC10A9FED2E1A00EEC10AABE765
:108AF00028EE080A9FED2B1ADFED2B0A10F0020F6B
:108B000040EE010A9FED291A00EE201A61EE000ADC
:108B1000B0EE480A08EE200AB6D101B0BDEC028BD7
:108B200000BD00F0E1FA8FE718EE100A4000B0F146
:108B30007F4F0DD218EE100AFFF7AEFD042808BFD4
:108B400000F0CAFAB0EE480A01B0BDEC028B00BDDD
:108B500009D10120F7F716FD01B0BDEC028B5DF8DD
:108B600004EB00F0B1BA01B0B0EE480ABDEC028BE4
:108B70005DF804EB00F0A4BAB61F927EB93AB2BA1F
:108B8000CA9F2A3DDDFFFFBE490E494683F9223FB9
:108B90000000004B0000C93F00A0FD390020A233B7
:108BA0001A61342C336D4CB9DA82083CA0AA2ABE73
:108BB0002DE9F14F04462DED020B2DED048B94B001
:108BC0009FED9D0B80ED020B199E9D4826F0004500
:108BD00085420ADC9DED180B002084ED000B14B0DB
:108BE000BDEC048B03B0BDE8F08F96489FED969BDB
:108BF0009FED978BA84225DD97489FED991B9FED30
:108C00009A2B9DED180B002E0DDD30EE490B8542A1
:108C100012BF30EE480B30EE410B30EE420B84EDCC
:108C2000000B0120DBE730EE090B854212BF30EE6E
:108C3000080B30EE010B30EE020B84ED000B4FF011
:108C4000FF30CCE78A48A84253DB9DED180B51EC6E
:108C5000100B00F0F3FA41EC100BB0EE401B9FED4F
:108C6000862BB6EE000B01EE020BFDEEC00B10EEF4
:108C7000903A00EE903AB8EEE02BB0EE410B02EEE7
:108C8000490B22EE081BDFF8F8C1290D0120FC4436
:108C900030EE411B84ED001B03281DD011EE902AFD
:108CA00000EB4015113DC2F30A528A1A954213DABD
:108CB000B0EE403B0CEB001292ED000B20EE021BDD
:108CC00033EE410B33EE403B33EE411B92ED023B62
:108CD00012EE031B401CDBE7002EA8BF1846BFF6B0
:108CE0007EAF94ED000BB1EE400B84ED000B5842CB
:108CF00075E7C6F3130040F4801EC6F30A50A0F2D5
:108D0000F530471100F01F05C5F12000DDF860B017
:108D1000139000200890099005200DF1080C594986
:108D2000002D07EB0002794408BF51F8221009D04A
:108D300051F8223001EB8201AB404A68139922FAC4
:108D400001F11943A1FB0E26A1FB0B131A449A4211
:108D500034BF0123002303EB06080CEB8003D3E9A7
:108D600001A60E448E4234BF0121002192448A4460
:108D700011B1924502D903E0924501D2012100E0F0
:108D80000021C3E901A641444CF82010011EA0F1C6
:108D90000100C4DC04989DED050A00F10050810F2C
:108DA0000498DDED060A80009DED072A01EE100A09
:108DB000B8EEC13BB8EE401B9FED334B21EE041BD8
:108DC000B8EE600B9FED324B20EE040BB8EE422B59
:108DD0009FED314B22EE042B30EE024B34EE014B73
:108DE00034EE034B8DED004B002000909DED004BC9
:108DF00034EE433B33EE411B31EE400B32EE401B71
:108E00009DED000B9FED262B20EE020B9FED262BF8
:108E100001EE020B9DED001B9FED252B01EE020BD9
:108E2000199810F0004F1CBF4942B1EE400B84ED81
:108E3000000B0846D3E60000000000000000000020
:108E4000FB21E93F7CD9024000004054FB21F93F5F
:108E50003163621A61B4D03DFB21F93F000000008C
:108E60000000601A61B4D03D7370032E8A19A33BD1
:108E7000FB2139410000000083C8C96D305FE43F29
:108E80008E07000026070000000000000000103ED2
:108E9000000000000000103C000000000000103A3C
:108EA0003326A611460B113C182D4454FB21F93DE5
:108EB00000000054FB21F93D10B52DED040B2DED04
:108EC000048B82B0B0EE419B079820F00044B4F1CF
:108ED000795F0FDA9DED060BBDEEC00B10EE100AA8
:108EE000002801BFB7EE000B02B0BDEC048B04B04C
:108EF00008BF10BD9DED060B20EE008BB0EE480BB9
:108F00001B480621784400F039F820EE080B28EEC3
:108F1000000B9DED061B01EE490BB6EE001B28EE83
:108F2000011B1448B7EE002B8442BCBF31EE400B4E
:108F300032EE400B16DB1048A042BCBFB5EE023B40
:108F40008DED003B06DBA4F50010019000200090A1
:108F50009DED003B31EE431B32EE432B31EE400BD7
:108F600032EE400B02B0BDEC048B04B010BD00002B
:108F7000E80400003333D33F0000E93FB0EE401B6C
:108F8000491E00EBC10292ED000B31F006020DD03C
:108F9000491E00EBC10292ED002BB0EE403BB0EE5B
:108FA000420B03EE010B31F00602F1D1022914D07D
:108FB00004290AD0062918BF704790ED0A2B00EE4D
:108FC000012B90ED080B02EE010B90ED062B00EE4D
:108FD000012B90ED040B02EE010B90ED022B00EE45
:108FE000012B90ED000B02EE010B7047000000001A
:108FF00031B504462DED040B2DED068BB0EE419BF3
:1090000007989DED060B20F00040B0F1795F0DDA76
:1090100051EC100BFFF728FB042808BF00F044F8C0
:109020009DED060BBDEC068B05B030BD20EE008B30
:1090300028EE00ABB0EE480B114805217844FFF74D
:109040009DFF9FED111B8CB1B6EE002B29EE022B7C
:109050000AEE402B18EE029B0AEE419B9DED060B9B
:1090600030EE490BBDEC068B05B030BD08EE001BA1
:109070009DED060B0AEE010BBDEC068B05B030BD75
:10908000D004000000000000495555555555C5BF96
:109090009FED031B81EE010B7047000000000000F4
:1090A00000000000000000009FED030B20EE000B0D
:1090B00070470000000000000000000000000010E9
:1090C00030EE000A70470000DFED020A80EEA00AD1
:1090D00070470000000000009FED020A20EE000A29
:1090E00070470000000000102DE9F0014FF07F42B2
:1090F000B2EB410F9FBF4FF0FF310160BDE8F001BF
:1091000070474FF0004242EA0123C1F3C752783A58
:10911000551112F01F0C434CCCF120067C44C1F3D6
:10912000C752A2F178024FEA621204EB820254F8AD
:10913000254008BFD2E9015612D0556804FA0CF454
:1091400025FA06F73C43976805FA0CF527FA06F866
:10915000D26807FA0CFCF24045EA08054CEA020620
:10916000A4FB034CA5FB0352A6FB03631D449D42D5
:1091700034BF012600261319334416B1934202D995
:1091800003E0934201D2012200E00022624402F196
:10919000200C9206DC0C42EA443200EE102A5B03FB
:1091A000DFED210AF8EEC01A00EE103A4FEA9C1CDF
:1091B00011F0004FB8EE400AC0F800C020EE201AAF
:1091C00000EE105ADFED190AB8EE400A20EE200A30
:1091D00071EE810A70EE800A10EE902A02F50062AC
:1091E0006FF30B0200EE902A70EEE11A31EEC11A15
:1091F000DFED101A30EE411A9FED0D0A20EE800AC5
:1092000001EE210A9FED0C1A00EE810A04BFBDE8B1
:10921000F0017047CCF180510160BDE8F001B1EE82
:10922000400A7047CC030000000000360000802C8C
:1092300022AAFD29DB0FC92F0000C92F82B0CDE97A
:10924000000121F0004001909DED000B02B051ECB7
:10925000100B70470EF1020E2EF0030E5EF8044B59
:10926000244204D44FEA4102B2F17F4F11D84FEAB1
:109270004003B3F17F4F0CD80ED14FEAD07C0CEBFA
:109280004C0C0CF1020CB2F17F4F08BF4CEBD17CBF
:1092900004E04FF0080C01E04FEAD17C0CEB4C03EA
:1092A00024FA03F404F00704B4F1040C06D20EEB24
:1092B000840CBDE810404CF0010C6047DFE80CF076
:1092C000070802024FF00040A0F5800010BD0846DC
:1092D000420018BFD2F1807288BF00F0004010BD7C
:1092E000F1EE100A4FF6FF71C0F2C03120EA010022
:1092F00040F04070E1EE100A704700004FF07F4CE4
:109300003CEA410318BF3CEA400200F062804FF49F
:109310007F0C0CEAD11310F0004F18BF43F0050387
:109320001CEAD01218BF13EA0C0F00F057804FF060
:10933000004C4CEA00204CEA0121A3F580339A420C
:1093400010DD23F00203B0F1004F06D343F0020317
:10935000401ABCBF404283F001034FEA4000A2F52F
:109360008032ECE74FEA224CBCEB234F08DB88420B
:1093700006D31CD0A0EB4100C0F1000083F0010334
:1093800040001DD217D40DD0B0FA80FC0CF1010CB6
:1093900000FA0CF0A2EB0C42D2F1000C12DB4FEA07
:1093A000C37070474FEA437000F00040704713F0FD
:1093B000020FE5D0DEE74FEA4000B2F58032EBDD88
:1093C000002AE9DD4FEAC21242EA502040EAC370A7
:1093D000704710B5FFF73EFFEDFFFF3E1CEAD11FBF
:1093E00002D000F000407047004870470000C07F86
:1093F0004C5555555555A53F7751C1166CC156BFB3
:109400009015CB19A001FA3EAD529C804F7E92BEC2
:10941000C4B1B4BD9EEE213ED43888BEE9FAA8BDE1
:1094200000004054FB21F93F3163621A61B4D03D22
:109430000000601A61B4D03D7370032E8A19A33BFB
:109440000000002E8A19A33BC14920259A837B394D
:1094500000000000000000006E83F9A22915444EB0
:10946000D15727FCC0DD34F5999562DB4190433C30
:10947000AB6351FE61C5BBDE3A6E24B7E0D24D420C
:10948000EA2E49061C92D1091CEB1DFE3EA729B10C
:10949000F53582E88444BB2E26709CE9417E5FB49A
:1094A00039D69139F43953838B5F849C3B28F9BDBD
:1094B000FF97F81F0F9805DE8B112FEF1F6D0A5ACB
:1094C000CF7E366DB709CB27663F464F2DEA5F9EAC
:1094D000C7BA27757BF1E5EBF739073DEA92528A67
:1094E000B15FFB6B085D8D1F463003560000000026
:1094F0006E83F9A22915444ED15727FCC0DD34F5FF
:10950000999562DB4190433CAB6351FE0000000043
:10951000A6F810111111813FD561C119A0012ABF10
:109520007DFEB157E31DC73EEB9C2B8AE6E55ABE94
:109530007CD5CF5A3AD9E53D0004081020400104FB
:10954000081020400000000001020304010203048F
:1095500006070809010002000400060008000A00CE
:109560000C001000200040008000000101010103F8
:10957000070100000804020408010101A095000889
:10958000000000241000000008030008B095000847
:1095900010000024F0110000240300080000000067
:1095A00001000000100000000090D0030090D003E4
:04000005080002CD20
:00000001FF
